Image_ID,True_Label,Predicted_Label,Confidence,Correct
0,Corn_(maize)___healthy,Corn_(maize)___healthy,0.99932194,True
1,Apple___healthy,Apple___healthy,0.464749,True
2,Strawberry___healthy,Strawberry___Leaf_scorch,0.7462328,False
3,Peach___Bacterial_spot,Peach___Bacterial_spot,0.9998097,True
4,Soybean___healthy,Soybean___healthy,0.99819595,True
5,Corn_(maize)___healthy,Corn_(maize)___healthy,0.9964239,True
6,Orange___Haunglongbing_(Citrus_greening),Orange___Haunglongbing_(Citrus_greening),0.99999857,True
7,Grape___Black_rot,Grape___Black_rot,0.97582823,True
8,Apple___healthy,Apple___healthy,0.90668964,True
9,Soybean___healthy,Soybean___healthy,0.999908,True
10,"Pepper,_bell___Bacterial_spot",Peach___Bacterial_spot,0.67427796,False
11,Soybean___healthy,Soybean___healthy,0.9997552,True
12,Soybean___healthy,Soybean___healthy,0.99726593,True
13,Soybean___healthy,Soybean___healthy,0.9998062,True
14,Grape___Esca_(Black_Measles),Grape___Esca_(Black_Measles),0.54253626,True
15,Tomato___Spider_mites Two-spotted_spider_mite,Tomato___Spider_mites Two-spotted_spider_mite,0.91879845,True
16,Tomato___Tomato_mosaic_virus,Tomato___Tomato_mosaic_virus,0.28884625,True
17,Tomato___Septoria_leaf_spot,Tomato___Septoria_leaf_spot,0.7768273,True
18,Tomato___Tomato_Yellow_Leaf_Curl_Virus,Tomato___Tomato_Yellow_Leaf_Curl_Virus,0.98129714,True
19,Orange___Haunglongbing_(Citrus_greening),Orange___Haunglongbing_(Citrus_greening),0.9969723,True
20,Tomato___healthy,Tomato___healthy,0.8087513,True
21,Tomato___Tomato_Yellow_Leaf_Curl_Virus,Tomato___Tomato_Yellow_Leaf_Curl_Virus,0.9972324,True
22,Tomato___healthy,Tomato___healthy,0.89067566,True
23,Tomato___Late_blight,Tomato___Late_blight,0.9985409,True
24,Orange___Haunglongbing_(Citrus_greening),Orange___Haunglongbing_(Citrus_greening),1.0,True
25,Peach___Bacterial_spot,Peach___Bacterial_spot,0.99965155,True
26,Corn_(maize)___Common_rust_,Corn_(maize)___Common_rust_,0.9708803,True
27,Tomato___Tomato_Yellow_Leaf_Curl_Virus,Tomato___Tomato_Yellow_Leaf_Curl_Virus,0.93571466,True
28,Tomato___Septoria_leaf_spot,Tomato___Late_blight,0.91477627,False
29,Soybean___healthy,Soybean___healthy,0.957415,True
30,Tomato___Late_blight,Tomato___Late_blight,0.98813826,True
31,Grape___Black_rot,Grape___Black_rot,0.9695579,True
32,Tomato___Late_blight,Tomato___Late_blight,0.99436694,True
33,Peach___Bacterial_spot,Peach___Bacterial_spot,0.99996614,True
34,Peach___Bacterial_spot,Peach___Bacterial_spot,0.7800958,True
35,Tomato___Target_Spot,Soybean___healthy,0.23387699,False
36,Orange___Haunglongbing_(Citrus_greening),Orange___Haunglongbing_(Citrus_greening),0.99996316,True
37,Tomato___healthy,Tomato___healthy,0.95952225,True
38,Grape___Esca_(Black_Measles),Grape___Esca_(Black_Measles),0.34809026,True
39,Tomato___Bacterial_spot,Tomato___Bacterial_spot,0.48688805,True
40,Cherry_(including_sour)___Powdery_mildew,Soybean___healthy,0.56621593,False
41,Cherry_(including_sour)___Powdery_mildew,Cherry_(including_sour)___Powdery_mildew,0.827363,True
42,Apple___Apple_scab,Apple___healthy,0.4035458,False
43,Tomato___Tomato_Yellow_Leaf_Curl_Virus,Tomato___Tomato_Yellow_Leaf_Curl_Virus,0.98378754,True
44,Squash___Powdery_mildew,Squash___Powdery_mildew,0.72058725,True
45,Squash___Powdery_mildew,Squash___Powdery_mildew,0.94269633,True
46,Tomato___Tomato_Yellow_Leaf_Curl_Virus,Potato___healthy,0.17762269,False
47,Tomato___Early_blight,Tomato___Septoria_leaf_spot,0.4623903,False
48,Squash___Powdery_mildew,Squash___Powdery_mildew,0.9989786,True
49,Orange___Haunglongbing_(Citrus_greening),Orange___Haunglongbing_(Citrus_greening),0.99999225,True
50,Squash___Powdery_mildew,Squash___Powdery_mildew,0.87613,True
51,Corn_(maize)___healthy,Corn_(maize)___healthy,0.9629277,True
52,Squash___Powdery_mildew,Squash___Powdery_mildew,0.9990652,True
53,Tomato___Late_blight,Tomato___Late_blight,0.969688,True
54,Corn_(maize)___Common_rust_,Corn_(maize)___Common_rust_,0.9882388,True
55,Orange___Haunglongbing_(Citrus_greening),Orange___Haunglongbing_(Citrus_greening),0.9997671,True
56,Apple___healthy,Soybean___healthy,0.53875536,False
57,Peach___Bacterial_spot,Tomato___Late_blight,0.6296693,False
58,Squash___Powdery_mildew,Squash___Powdery_mildew,0.28251317,True
59,Tomato___Tomato_Yellow_Leaf_Curl_Virus,Tomato___Tomato_Yellow_Leaf_Curl_Virus,0.43492025,True
60,Soybean___healthy,Soybean___healthy,0.9977537,True
61,Tomato___Bacterial_spot,Tomato___Bacterial_spot,0.94438666,True
62,Strawberry___Leaf_scorch,Strawberry___Leaf_scorch,0.96729213,True
63,Cherry_(including_sour)___healthy,Cherry_(including_sour)___healthy,0.97867787,True
64,Soybean___healthy,Soybean___healthy,0.9970842,True
65,Tomato___Early_blight,Tomato___Bacterial_spot,0.42982355,False
66,Raspberry___healthy,Raspberry___healthy,0.39795417,True
67,Orange___Haunglongbing_(Citrus_greening),Orange___Haunglongbing_(Citrus_greening),0.999997,True
68,Tomato___Tomato_Yellow_Leaf_Curl_Virus,Tomato___Tomato_Yellow_Leaf_Curl_Virus,0.97486115,True
69,Soybean___healthy,Soybean___healthy,0.99992824,True
70,Orange___Haunglongbing_(Citrus_greening),Orange___Haunglongbing_(Citrus_greening),0.9983297,True
71,Peach___healthy,Peach___healthy,0.75791377,True
72,Tomato___Late_blight,Potato___Late_blight,0.4795402,False
73,"Pepper,_bell___healthy","Pepper,_bell___healthy",0.9817868,True
74,Soybean___healthy,Soybean___healthy,0.9981515,True
75,Peach___Bacterial_spot,Peach___Bacterial_spot,0.99469084,True
76,Tomato___Late_blight,Tomato___Late_blight,0.58938193,True
77,"Pepper,_bell___Bacterial_spot","Pepper,_bell___Bacterial_spot",0.66162306,True
78,Soybean___healthy,Soybean___healthy,0.9979777,True
79,Tomato___Septoria_leaf_spot,Tomato___Septoria_leaf_spot,0.81323206,True
80,Apple___Black_rot,Apple___Black_rot,0.98684376,True
81,Tomato___Spider_mites Two-spotted_spider_mite,Tomato___Spider_mites Two-spotted_spider_mite,0.7557998,True
82,Tomato___Tomato_Yellow_Leaf_Curl_Virus,Tomato___Tomato_Yellow_Leaf_Curl_Virus,0.99448276,True
83,Tomato___Tomato_Yellow_Leaf_Curl_Virus,Tomato___Tomato_Yellow_Leaf_Curl_Virus,0.3697167,True
84,Tomato___Tomato_Yellow_Leaf_Curl_Virus,Tomato___Tomato_Yellow_Leaf_Curl_Virus,0.9947501,True
85,Tomato___Early_blight,Potato___Late_blight,0.5234749,False
86,Grape___Esca_(Black_Measles),Strawberry___Leaf_scorch,0.89441985,False
87,Orange___Haunglongbing_(Citrus_greening),Orange___Haunglongbing_(Citrus_greening),0.99908304,True
88,Tomato___Spider_mites Two-spotted_spider_mite,Tomato___Spider_mites Two-spotted_spider_mite,0.8896098,True
89,Tomato___Tomato_Yellow_Leaf_Curl_Virus,Tomato___Tomato_Yellow_Leaf_Curl_Virus,0.9298634,True
90,Strawberry___healthy,Strawberry___healthy,0.89324856,True
91,Soybean___healthy,Soybean___healthy,0.9997619,True
92,Corn_(maize)___healthy,Corn_(maize)___healthy,0.9992543,True
93,Apple___Black_rot,Apple___Black_rot,0.9967133,True
94,Tomato___Tomato_Yellow_Leaf_Curl_Virus,Tomato___Tomato_Yellow_Leaf_Curl_Virus,0.7923921,True
95,Potato___Late_blight,Potato___Late_blight,0.9385322,True
96,Orange___Haunglongbing_(Citrus_greening),Orange___Haunglongbing_(Citrus_greening),0.9999993,True
97,Tomato___Late_blight,Tomato___Late_blight,0.9883873,True
98,Tomato___healthy,Tomato___healthy,0.9880128,True
99,Soybean___healthy,Soybean___healthy,0.99679273,True
100,Squash___Powdery_mildew,Squash___Powdery_mildew,0.99663347,True
101,Apple___Apple_scab,Apple___Apple_scab,0.437016,True
102,Tomato___Septoria_leaf_spot,Tomato___Spider_mites Two-spotted_spider_mite,0.4931474,False
103,Tomato___Target_Spot,Tomato___Target_Spot,0.5041491,True
104,Tomato___Tomato_Yellow_Leaf_Curl_Virus,Tomato___Tomato_Yellow_Leaf_Curl_Virus,0.87384635,True
105,Orange___Haunglongbing_(Citrus_greening),Orange___Haunglongbing_(Citrus_greening),0.9989279,True
106,Orange___Haunglongbing_(Citrus_greening),Orange___Haunglongbing_(Citrus_greening),0.7245578,True
107,Tomato___Septoria_leaf_spot,Tomato___Septoria_leaf_spot,0.88080794,True
108,Corn_(maize)___healthy,Corn_(maize)___healthy,0.99926347,True
109,Tomato___Bacterial_spot,Tomato___Bacterial_spot,0.30202,True
110,Orange___Haunglongbing_(Citrus_greening),Orange___Haunglongbing_(Citrus_greening),0.9996226,True
111,Blueberry___healthy,Blueberry___healthy,0.9959835,True
112,Grape___Black_rot,Grape___Leaf_blight_(Isariopsis_Leaf_Spot),0.7528193,False
113,Orange___Haunglongbing_(Citrus_greening),Orange___Haunglongbing_(Citrus_greening),0.99997425,True
114,Tomato___Septoria_leaf_spot,Grape___Leaf_blight_(Isariopsis_Leaf_Spot),0.81076026,False
115,Orange___Haunglongbing_(Citrus_greening),Orange___Haunglongbing_(Citrus_greening),0.9999987,True
116,Orange___Haunglongbing_(Citrus_greening),Orange___Haunglongbing_(Citrus_greening),0.99999166,True
117,"Pepper,_bell___healthy",Cherry_(including_sour)___Powdery_mildew,0.38322565,False
118,Orange___Haunglongbing_(Citrus_greening),Orange___Haunglongbing_(Citrus_greening),0.98422605,True
119,"Pepper,_bell___Bacterial_spot",Potato___Early_blight,0.8006667,False
120,Tomato___Septoria_leaf_spot,Potato___Early_blight,0.7644992,False
121,Apple___Black_rot,Apple___Black_rot,0.7216993,True
122,"Pepper,_bell___healthy","Pepper,_bell___healthy",0.9344593,True
123,"Pepper,_bell___Bacterial_spot","Pepper,_bell___Bacterial_spot",0.8824481,True
124,Tomato___Leaf_Mold,Tomato___Leaf_Mold,0.70001566,True
125,Tomato___Septoria_leaf_spot,Tomato___Bacterial_spot,0.9484613,False
126,Squash___Powdery_mildew,Squash___Powdery_mildew,0.9356029,True
127,Apple___healthy,Soybean___healthy,0.95925355,False
128,Corn_(maize)___Northern_Leaf_Blight,Corn_(maize)___Northern_Leaf_Blight,0.90942854,True
129,Tomato___Tomato_Yellow_Leaf_Curl_Virus,Tomato___Tomato_Yellow_Leaf_Curl_Virus,0.99061674,True
130,Corn_(maize)___healthy,Corn_(maize)___healthy,0.98545283,True
131,Soybean___healthy,Soybean___healthy,0.99958426,True
132,Grape___Black_rot,Grape___Black_rot,0.9699866,True
133,Soybean___healthy,Soybean___healthy,0.9992925,True
134,Soybean___healthy,Soybean___healthy,0.9993598,True
135,Tomato___Late_blight,Grape___Leaf_blight_(Isariopsis_Leaf_Spot),0.7301653,False
136,Tomato___healthy,Tomato___healthy,0.91231096,True
137,Corn_(maize)___healthy,Corn_(maize)___healthy,0.9992818,True
138,Cherry_(including_sour)___healthy,Cherry_(including_sour)___healthy,0.9917142,True
139,Squash___Powdery_mildew,Squash___Powdery_mildew,0.99662125,True
140,Tomato___Target_Spot,Soybean___healthy,0.16736035,False
141,Soybean___healthy,Soybean___healthy,0.99977916,True
142,Corn_(maize)___Common_rust_,Corn_(maize)___Common_rust_,0.9987147,True
143,Tomato___Septoria_leaf_spot,Tomato___Bacterial_spot,0.53625244,False
144,Soybean___healthy,Soybean___healthy,0.99964046,True
145,Orange___Haunglongbing_(Citrus_greening),Orange___Haunglongbing_(Citrus_greening),0.9786581,True
146,Apple___Cedar_apple_rust,Apple___Cedar_apple_rust,0.47159764,True
147,Peach___Bacterial_spot,Peach___Bacterial_spot,0.65077156,True
148,Tomato___Tomato_Yellow_Leaf_Curl_Virus,Tomato___Tomato_Yellow_Leaf_Curl_Virus,0.8362231,True
149,Orange___Haunglongbing_(Citrus_greening),Orange___Haunglongbing_(Citrus_greening),0.5840327,True
150,Cherry_(including_sour)___healthy,Cherry_(including_sour)___healthy,0.96726936,True
151,Soybean___healthy,Soybean___healthy,0.9999739,True
152,Squash___Powdery_mildew,Squash___Powdery_mildew,0.9234982,True
153,Tomato___Tomato_Yellow_Leaf_Curl_Virus,Tomato___Tomato_Yellow_Leaf_Curl_Virus,0.71610236,True
154,Tomato___Target_Spot,Tomato___Target_Spot,0.3335064,True
155,Orange___Haunglongbing_(Citrus_greening),Orange___Haunglongbing_(Citrus_greening),0.99977285,True
156,Tomato___Tomato_Yellow_Leaf_Curl_Virus,Tomato___Tomato_Yellow_Leaf_Curl_Virus,0.9367582,True
157,"Pepper,_bell___healthy",Soybean___healthy,0.7939622,False
158,Squash___Powdery_mildew,Squash___Powdery_mildew,0.41268766,True
159,Grape___Black_rot,Grape___Black_rot,0.87248164,True
160,Peach___Bacterial_spot,Peach___Bacterial_spot,0.999915,True
161,Tomato___Bacterial_spot,Potato___Early_blight,0.9326643,False
162,Strawberry___healthy,Strawberry___healthy,0.97826207,True
163,Grape___Leaf_blight_(Isariopsis_Leaf_Spot),Grape___Leaf_blight_(Isariopsis_Leaf_Spot),0.99983513,True
164,Peach___Bacterial_spot,Peach___Bacterial_spot,0.99856865,True
165,"Pepper,_bell___healthy","Pepper,_bell___healthy",0.9831268,True
166,Peach___Bacterial_spot,Peach___Bacterial_spot,0.9996605,True
167,Potato___Late_blight,Potato___Early_blight,0.64634013,False
168,Tomato___Tomato_Yellow_Leaf_Curl_Virus,Tomato___Tomato_Yellow_Leaf_Curl_Virus,0.9996226,True
169,Cherry_(including_sour)___Powdery_mildew,Cherry_(including_sour)___Powdery_mildew,0.9322373,True
170,Corn_(maize)___Common_rust_,Corn_(maize)___Common_rust_,0.8471151,True
171,Apple___healthy,Soybean___healthy,0.96156394,False
172,Tomato___Bacterial_spot,Tomato___Target_Spot,0.35252184,False
173,Tomato___Tomato_Yellow_Leaf_Curl_Virus,Tomato___Tomato_Yellow_Leaf_Curl_Virus,0.9999671,True
174,Cherry_(including_sour)___Powdery_mildew,Cherry_(including_sour)___Powdery_mildew,0.7167685,True
175,Tomato___Leaf_Mold,Tomato___Late_blight,0.4484047,False
176,Apple___Apple_scab,Apple___healthy,0.43554768,False
177,Tomato___Spider_mites Two-spotted_spider_mite,Tomato___Spider_mites Two-spotted_spider_mite,0.8843706,True
178,Tomato___Septoria_leaf_spot,Grape___Leaf_blight_(Isariopsis_Leaf_Spot),0.51769966,False
179,Strawberry___Leaf_scorch,Strawberry___Leaf_scorch,0.8670497,True
180,Squash___Powdery_mildew,Squash___Powdery_mildew,0.9997031,True
181,Peach___Bacterial_spot,Peach___Bacterial_spot,0.99991846,True
182,Corn_(maize)___Cercospora_leaf_spot Gray_leaf_spot,Corn_(maize)___Northern_Leaf_Blight,0.715947,False
183,Corn_(maize)___Northern_Leaf_Blight,Corn_(maize)___Northern_Leaf_Blight,0.93897015,True
184,Soybean___healthy,Soybean___healthy,0.9999461,True
185,Apple___healthy,Apple___healthy,0.7073417,True
186,Tomato___Spider_mites Two-spotted_spider_mite,Potato___healthy,0.2670637,False
187,Tomato___Leaf_Mold,Soybean___healthy,0.33979958,False
188,Soybean___healthy,Soybean___healthy,0.99932635,True
189,Soybean___healthy,Soybean___healthy,0.9951363,True
190,Raspberry___healthy,Soybean___healthy,0.47991988,False
191,Tomato___Early_blight,Apple___Black_rot,0.60246783,False
192,Apple___healthy,Blueberry___healthy,0.42259517,False
193,Potato___Early_blight,Potato___Early_blight,0.9155978,True
194,Corn_(maize)___Common_rust_,Corn_(maize)___Common_rust_,0.97438633,True
195,Peach___Bacterial_spot,Peach___Bacterial_spot,0.9784225,True
196,Tomato___Tomato_Yellow_Leaf_Curl_Virus,Tomato___Tomato_Yellow_Leaf_Curl_Virus,0.64682776,True
197,Tomato___Tomato_Yellow_Leaf_Curl_Virus,Tomato___Tomato_Yellow_Leaf_Curl_Virus,0.99921095,True
198,Tomato___Bacterial_spot,Tomato___Bacterial_spot,0.9871272,True
199,Squash___Powdery_mildew,Squash___Powdery_mildew,0.99264187,True
200,Orange___Haunglongbing_(Citrus_greening),Orange___Haunglongbing_(Citrus_greening),0.99975365,True
201,Grape___Leaf_blight_(Isariopsis_Leaf_Spot),Grape___Leaf_blight_(Isariopsis_Leaf_Spot),0.99959284,True
202,Soybean___healthy,Soybean___healthy,0.99990404,True
203,Corn_(maize)___healthy,Corn_(maize)___healthy,0.99818724,True
204,Cherry_(including_sour)___Powdery_mildew,Cherry_(including_sour)___Powdery_mildew,0.9981352,True
205,Squash___Powdery_mildew,Squash___Powdery_mildew,0.997124,True
206,Soybean___healthy,Soybean___healthy,0.9993431,True
207,Tomato___Late_blight,Tomato___Late_blight,0.94086677,True
208,Soybean___healthy,Soybean___healthy,0.9610117,True
209,Apple___healthy,Soybean___healthy,0.83882236,False
210,Cherry_(including_sour)___healthy,Cherry_(including_sour)___healthy,0.9996667,True
211,Blueberry___healthy,Blueberry___healthy,0.9997862,True
212,Raspberry___healthy,Raspberry___healthy,0.629547,True
213,Tomato___Spider_mites Two-spotted_spider_mite,Tomato___Target_Spot,0.4505497,False
214,Corn_(maize)___Common_rust_,Corn_(maize)___Common_rust_,0.9614411,True
215,Tomato___Target_Spot,Tomato___Bacterial_spot,0.44451374,False
216,Soybean___healthy,Soybean___healthy,0.99963033,True
217,Strawberry___Leaf_scorch,Strawberry___Leaf_scorch,0.99943274,True
218,Apple___Apple_scab,Potato___Early_blight,0.4562493,False
219,Strawberry___healthy,Strawberry___healthy,0.69662875,True
220,Orange___Haunglongbing_(Citrus_greening),Orange___Haunglongbing_(Citrus_greening),0.99999166,True
221,Tomato___Septoria_leaf_spot,Tomato___Late_blight,0.30650085,False
222,Tomato___Tomato_Yellow_Leaf_Curl_Virus,Tomato___Tomato_Yellow_Leaf_Curl_Virus,0.9693954,True
223,Tomato___Early_blight,Tomato___Target_Spot,0.329955,False
224,Raspberry___healthy,Soybean___healthy,0.5829726,False
225,Tomato___Tomato_Yellow_Leaf_Curl_Virus,Tomato___Tomato_Yellow_Leaf_Curl_Virus,0.99642205,True
226,Potato___Early_blight,Potato___Early_blight,0.9347251,True
227,Peach___Bacterial_spot,Peach___Bacterial_spot,0.9756411,True
228,Soybean___healthy,Soybean___healthy,0.9999243,True
229,Tomato___Spider_mites Two-spotted_spider_mite,Soybean___healthy,0.22510718,False
230,Tomato___Tomato_Yellow_Leaf_Curl_Virus,Tomato___Late_blight,0.2899849,False
231,"Pepper,_bell___Bacterial_spot",Potato___Early_blight,0.53376627,False
232,Tomato___Tomato_Yellow_Leaf_Curl_Virus,Tomato___Tomato_Yellow_Leaf_Curl_Virus,0.9364042,True
233,Orange___Haunglongbing_(Citrus_greening),Orange___Haunglongbing_(Citrus_greening),0.9987657,True
234,Tomato___Bacterial_spot,Soybean___healthy,0.60359657,False
235,Tomato___Tomato_Yellow_Leaf_Curl_Virus,Tomato___Tomato_Yellow_Leaf_Curl_Virus,0.9549316,True
236,Soybean___healthy,Soybean___healthy,0.9968034,True
237,Soybean___healthy,Soybean___healthy,0.999275,True
238,Orange___Haunglongbing_(Citrus_greening),Orange___Haunglongbing_(Citrus_greening),0.9995714,True
239,Squash___Powdery_mildew,Squash___Powdery_mildew,0.97945887,True
240,Potato___Late_blight,Potato___Late_blight,0.88414764,True
241,Cherry_(including_sour)___Powdery_mildew,Potato___Early_blight,0.95625234,False
242,Tomato___Bacterial_spot,Tomato___Bacterial_spot,0.92131406,True
243,Tomato___Tomato_Yellow_Leaf_Curl_Virus,Tomato___Tomato_Yellow_Leaf_Curl_Virus,0.99832755,True
244,Apple___healthy,Soybean___healthy,0.5024264,False
245,Tomato___healthy,Tomato___Target_Spot,0.49256787,False
246,Squash___Powdery_mildew,Squash___Powdery_mildew,0.9183726,True
247,Orange___Haunglongbing_(Citrus_greening),Orange___Haunglongbing_(Citrus_greening),0.6265029,True
248,Strawberry___healthy,Apple___healthy,0.3335268,False
249,Tomato___Spider_mites Two-spotted_spider_mite,Tomato___Spider_mites Two-spotted_spider_mite,0.5072991,True
250,Strawberry___Leaf_scorch,Strawberry___Leaf_scorch,0.99996614,True
251,Soybean___healthy,Soybean___healthy,0.9999759,True
252,Peach___Bacterial_spot,Peach___Bacterial_spot,0.9532523,True
253,Tomato___Bacterial_spot,Tomato___Bacterial_spot,0.9426421,True
254,Apple___Cedar_apple_rust,Apple___Cedar_apple_rust,0.6551883,True
255,Tomato___Tomato_Yellow_Leaf_Curl_Virus,Tomato___Tomato_Yellow_Leaf_Curl_Virus,0.9350957,True
256,Tomato___Tomato_Yellow_Leaf_Curl_Virus,Tomato___Tomato_Yellow_Leaf_Curl_Virus,0.90952903,True
257,Tomato___Tomato_Yellow_Leaf_Curl_Virus,Tomato___Tomato_Yellow_Leaf_Curl_Virus,0.98265165,True
258,Soybean___healthy,Soybean___healthy,0.9971819,True
259,Corn_(maize)___Northern_Leaf_Blight,Corn_(maize)___Northern_Leaf_Blight,0.55363995,True
260,Peach___Bacterial_spot,Peach___Bacterial_spot,0.99999595,True
261,Orange___Haunglongbing_(Citrus_greening),Orange___Haunglongbing_(Citrus_greening),0.9999968,True
262,Tomato___Target_Spot,Tomato___Bacterial_spot,0.43000826,False
263,Potato___Early_blight,Potato___Early_blight,0.8597009,True
264,Corn_(maize)___healthy,Corn_(maize)___healthy,0.9768886,True
265,Potato___Late_blight,Potato___Late_blight,0.8087567,True
266,Strawberry___Leaf_scorch,Grape___Leaf_blight_(Isariopsis_Leaf_Spot),0.64263076,False
267,Soybean___healthy,Soybean___healthy,0.9961384,True
268,Orange___Haunglongbing_(Citrus_greening),Orange___Haunglongbing_(Citrus_greening),0.99999964,True
269,Strawberry___Leaf_scorch,Strawberry___Leaf_scorch,0.999042,True
270,Tomato___Leaf_Mold,Tomato___Leaf_Mold,0.36692056,True
271,Tomato___Late_blight,Tomato___Late_blight,0.8940332,True
272,Tomato___Tomato_Yellow_Leaf_Curl_Virus,Tomato___Tomato_Yellow_Leaf_Curl_Virus,0.8068989,True
273,Tomato___Target_Spot,Tomato___Bacterial_spot,0.5895057,False
274,Squash___Powdery_mildew,Squash___Powdery_mildew,0.97172034,True
275,Tomato___healthy,Tomato___healthy,0.32305825,True
276,Tomato___Bacterial_spot,Tomato___Bacterial_spot,0.645683,True
277,Orange___Haunglongbing_(Citrus_greening),Orange___Haunglongbing_(Citrus_greening),0.9996635,True
278,Tomato___Tomato_Yellow_Leaf_Curl_Virus,Tomato___Tomato_Yellow_Leaf_Curl_Virus,0.9910623,True
279,Tomato___Spider_mites Two-spotted_spider_mite,Soybean___healthy,0.3408985,False
280,Orange___Haunglongbing_(Citrus_greening),Orange___Haunglongbing_(Citrus_greening),0.9999627,True
281,Apple___healthy,Soybean___healthy,0.9498923,False
282,Tomato___Tomato_Yellow_Leaf_Curl_Virus,Tomato___Tomato_Yellow_Leaf_Curl_Virus,0.7159196,True
283,Tomato___Late_blight,Tomato___Late_blight,0.97487926,True
284,Tomato___Bacterial_spot,Strawberry___Leaf_scorch,0.5241481,False
285,Potato___Early_blight,Potato___Early_blight,0.7841737,True
286,Soybean___healthy,Soybean___healthy,0.9845708,True
287,Tomato___Tomato_Yellow_Leaf_Curl_Virus,Tomato___Tomato_Yellow_Leaf_Curl_Virus,0.9986117,True
288,Tomato___Bacterial_spot,Tomato___Bacterial_spot,0.2827727,True
289,Apple___Black_rot,Potato___Early_blight,0.84786975,False
290,Tomato___Tomato_Yellow_Leaf_Curl_Virus,Tomato___Tomato_Yellow_Leaf_Curl_Virus,0.9984302,True
291,"Pepper,_bell___healthy","Pepper,_bell___healthy",0.8540329,True
292,Corn_(maize)___Common_rust_,Corn_(maize)___Northern_Leaf_Blight,0.7468148,False
293,Tomato___Tomato_Yellow_Leaf_Curl_Virus,Tomato___Tomato_Yellow_Leaf_Curl_Virus,0.9116829,True
294,Potato___Early_blight,Strawberry___Leaf_scorch,0.8185075,False
295,Soybean___healthy,Soybean___healthy,0.99982053,True
296,Apple___healthy,Soybean___healthy,0.8398331,False
297,Tomato___Bacterial_spot,Tomato___Bacterial_spot,0.9985826,True
298,Strawberry___Leaf_scorch,Strawberry___Leaf_scorch,0.9995408,True
299,Potato___Late_blight,Potato___Late_blight,0.9164752,True
300,Corn_(maize)___Common_rust_,Corn_(maize)___Common_rust_,0.9974509,True
301,Tomato___Tomato_Yellow_Leaf_Curl_Virus,Tomato___Tomato_Yellow_Leaf_Curl_Virus,0.94547075,True
302,Squash___Powdery_mildew,Squash___Powdery_mildew,0.94728357,True
303,Tomato___Septoria_leaf_spot,Tomato___Septoria_leaf_spot,0.8992394,True
304,"Pepper,_bell___healthy","Pepper,_bell___healthy",0.9898493,True
305,Orange___Haunglongbing_(Citrus_greening),Orange___Haunglongbing_(Citrus_greening),0.99999094,True
306,Tomato___healthy,Tomato___healthy,0.5993771,True
307,Tomato___Tomato_Yellow_Leaf_Curl_Virus,Tomato___Tomato_Yellow_Leaf_Curl_Virus,0.98466206,True
308,Tomato___Target_Spot,Tomato___Target_Spot,0.5249583,True
309,Tomato___Tomato_Yellow_Leaf_Curl_Virus,Tomato___Late_blight,0.50495905,False
310,Tomato___Tomato_Yellow_Leaf_Curl_Virus,Tomato___Tomato_Yellow_Leaf_Curl_Virus,0.97054976,True
311,Squash___Powdery_mildew,Squash___Powdery_mildew,0.99813604,True
312,Orange___Haunglongbing_(Citrus_greening),Orange___Haunglongbing_(Citrus_greening),0.999998,True
313,Orange___Haunglongbing_(Citrus_greening),Orange___Haunglongbing_(Citrus_greening),0.99999964,True
314,Soybean___healthy,Soybean___healthy,0.9997893,True
315,Tomato___Bacterial_spot,Tomato___Septoria_leaf_spot,0.4912853,False
316,Raspberry___healthy,Soybean___healthy,0.37671816,False
317,Peach___healthy,Orange___Haunglongbing_(Citrus_greening),0.98161787,False
318,Orange___Haunglongbing_(Citrus_greening),Orange___Haunglongbing_(Citrus_greening),0.9996351,True
319,Apple___healthy,Apple___healthy,0.99021405,True
320,Grape___Leaf_blight_(Isariopsis_Leaf_Spot),Grape___Leaf_blight_(Isariopsis_Leaf_Spot),0.99987626,True
321,Peach___Bacterial_spot,Peach___Bacterial_spot,0.99998343,True
322,Apple___healthy,Soybean___healthy,0.5026677,False
323,Potato___Late_blight,Potato___Late_blight,0.69673985,True
324,Raspberry___healthy,Raspberry___healthy,0.43919381,True
325,Orange___Haunglongbing_(Citrus_greening),Orange___Haunglongbing_(Citrus_greening),0.99925834,True
326,Tomato___Early_blight,Tomato___Early_blight,0.58482045,True
327,Cherry_(including_sour)___Powdery_mildew,Cherry_(including_sour)___Powdery_mildew,0.9999622,True
328,Grape___Esca_(Black_Measles),Strawberry___Leaf_scorch,0.9795178,False
329,Tomato___Tomato_Yellow_Leaf_Curl_Virus,Tomato___Late_blight,0.44664353,False
330,Tomato___Tomato_Yellow_Leaf_Curl_Virus,Tomato___Tomato_Yellow_Leaf_Curl_Virus,0.99092495,True
331,Corn_(maize)___Northern_Leaf_Blight,Corn_(maize)___Northern_Leaf_Blight,0.8631524,True
332,Soybean___healthy,Soybean___healthy,0.99992955,True
333,Tomato___Target_Spot,Tomato___Target_Spot,0.49275044,True
334,Tomato___Tomato_Yellow_Leaf_Curl_Virus,Tomato___Tomato_Yellow_Leaf_Curl_Virus,0.5237501,True
335,Squash___Powdery_mildew,Squash___Powdery_mildew,0.9978764,True
336,Tomato___Tomato_Yellow_Leaf_Curl_Virus,Tomato___Tomato_Yellow_Leaf_Curl_Virus,0.6710472,True
337,Tomato___Spider_mites Two-spotted_spider_mite,Tomato___Spider_mites Two-spotted_spider_mite,0.732426,True
338,Apple___healthy,Soybean___healthy,0.2680442,False
339,Potato___Late_blight,Potato___Late_blight,0.51010275,True
340,Grape___Esca_(Black_Measles),Grape___Esca_(Black_Measles),0.92206275,True
341,Cherry_(including_sour)___Powdery_mildew,Cherry_(including_sour)___Powdery_mildew,0.96706825,True
342,Orange___Haunglongbing_(Citrus_greening),Orange___Haunglongbing_(Citrus_greening),0.99989605,True
343,Tomato___Tomato_Yellow_Leaf_Curl_Virus,Tomato___Tomato_Yellow_Leaf_Curl_Virus,0.34573758,True
344,Tomato___Tomato_Yellow_Leaf_Curl_Virus,Tomato___Tomato_Yellow_Leaf_Curl_Virus,0.99766773,True
345,Orange___Haunglongbing_(Citrus_greening),Orange___Haunglongbing_(Citrus_greening),0.9999827,True
346,Tomato___healthy,Tomato___healthy,0.95985985,True
347,Tomato___Late_blight,Tomato___Late_blight,0.59291637,True
348,Tomato___Target_Spot,Soybean___healthy,0.6940099,False
349,Potato___Early_blight,Strawberry___Leaf_scorch,0.7383561,False
350,Tomato___Tomato_Yellow_Leaf_Curl_Virus,Tomato___Tomato_Yellow_Leaf_Curl_Virus,0.9961766,True
351,Tomato___Septoria_leaf_spot,Tomato___Septoria_leaf_spot,0.6517904,True
352,Orange___Haunglongbing_(Citrus_greening),Orange___Haunglongbing_(Citrus_greening),1.0,True
353,Tomato___Tomato_Yellow_Leaf_Curl_Virus,Soybean___healthy,0.36670837,False
354,Potato___Late_blight,Potato___Late_blight,0.8806956,True
355,Potato___Early_blight,Potato___Early_blight,0.8205441,True
356,Potato___Late_blight,Potato___Late_blight,0.60932416,True
357,Tomato___Tomato_Yellow_Leaf_Curl_Virus,Tomato___Tomato_Yellow_Leaf_Curl_Virus,0.90163374,True
358,Tomato___Tomato_Yellow_Leaf_Curl_Virus,Tomato___Tomato_Yellow_Leaf_Curl_Virus,0.96548533,True
359,Squash___Powdery_mildew,Squash___Powdery_mildew,0.9935016,True
360,"Pepper,_bell___healthy","Pepper,_bell___healthy",0.58035564,True
361,Tomato___Tomato_Yellow_Leaf_Curl_Virus,Tomato___Tomato_Yellow_Leaf_Curl_Virus,0.9670457,True
362,Strawberry___Leaf_scorch,Strawberry___Leaf_scorch,0.9976739,True
363,Apple___Black_rot,Apple___Black_rot,0.9599156,True
364,Tomato___healthy,Tomato___healthy,0.7507671,True
365,Corn_(maize)___Common_rust_,Corn_(maize)___Common_rust_,0.8016112,True
366,Orange___Haunglongbing_(Citrus_greening),Orange___Haunglongbing_(Citrus_greening),0.9856392,True
367,Tomato___Bacterial_spot,Tomato___Bacterial_spot,0.39878953,True
368,Grape___Black_rot,Grape___Black_rot,0.30174837,True
369,"Pepper,_bell___healthy",Soybean___healthy,0.89742017,False
370,Grape___Leaf_blight_(Isariopsis_Leaf_Spot),Grape___Leaf_blight_(Isariopsis_Leaf_Spot),0.9998982,True
371,Tomato___Bacterial_spot,Tomato___Bacterial_spot,0.8703459,True
372,Tomato___Tomato_Yellow_Leaf_Curl_Virus,Tomato___Tomato_Yellow_Leaf_Curl_Virus,0.9335898,True
373,Corn_(maize)___healthy,Corn_(maize)___healthy,0.99824995,True
374,Corn_(maize)___Northern_Leaf_Blight,Corn_(maize)___Northern_Leaf_Blight,0.9102884,True
375,Tomato___Late_blight,Potato___Early_blight,0.8444072,False
376,Tomato___Early_blight,Tomato___Late_blight,0.80172276,False
377,Squash___Powdery_mildew,Squash___Powdery_mildew,0.9990048,True
378,Apple___healthy,Soybean___healthy,0.602752,False
379,Tomato___Tomato_Yellow_Leaf_Curl_Virus,Tomato___Tomato_Yellow_Leaf_Curl_Virus,0.963274,True
380,Cherry_(including_sour)___healthy,Cherry_(including_sour)___healthy,0.78678757,True
381,Soybean___healthy,Soybean___healthy,0.99951494,True
382,Cherry_(including_sour)___Powdery_mildew,Cherry_(including_sour)___Powdery_mildew,0.99987817,True
383,Tomato___Tomato_Yellow_Leaf_Curl_Virus,Tomato___Tomato_Yellow_Leaf_Curl_Virus,0.99934036,True
384,Peach___Bacterial_spot,Peach___Bacterial_spot,0.99877435,True
385,Grape___Black_rot,Grape___Black_rot,0.9817339,True
386,"Pepper,_bell___Bacterial_spot","Pepper,_bell___healthy",0.54068923,False
387,Tomato___Bacterial_spot,Tomato___Bacterial_spot,0.97389865,True
388,Tomato___Early_blight,Potato___Early_blight,0.47815844,False
389,Tomato___Septoria_leaf_spot,Tomato___Septoria_leaf_spot,0.5487841,True
390,Tomato___Late_blight,Tomato___Late_blight,0.996451,True
391,Soybean___healthy,Soybean___healthy,0.9998056,True
392,Soybean___healthy,Soybean___healthy,0.9999635,True
393,Tomato___Tomato_Yellow_Leaf_Curl_Virus,Tomato___Tomato_Yellow_Leaf_Curl_Virus,0.9959111,True
394,Orange___Haunglongbing_(Citrus_greening),Orange___Haunglongbing_(Citrus_greening),0.99986506,True
395,Tomato___Tomato_Yellow_Leaf_Curl_Virus,Tomato___Tomato_Yellow_Leaf_Curl_Virus,0.91032434,True
396,Corn_(maize)___Northern_Leaf_Blight,Strawberry___Leaf_scorch,0.96598965,False
397,Grape___Black_rot,Grape___Black_rot,0.7957057,True
398,"Pepper,_bell___Bacterial_spot","Pepper,_bell___Bacterial_spot",0.31277505,True
399,Tomato___Tomato_Yellow_Leaf_Curl_Virus,Tomato___Tomato_Yellow_Leaf_Curl_Virus,0.9893454,True
400,Tomato___healthy,Tomato___healthy,0.97386307,True
401,Potato___Late_blight,Potato___Early_blight,0.83979434,False
402,Orange___Haunglongbing_(Citrus_greening),Orange___Haunglongbing_(Citrus_greening),0.99999917,True
403,Tomato___Tomato_Yellow_Leaf_Curl_Virus,Tomato___Tomato_Yellow_Leaf_Curl_Virus,0.98544127,True
404,Peach___Bacterial_spot,Orange___Haunglongbing_(Citrus_greening),0.9947271,False
405,Tomato___Early_blight,Tomato___Target_Spot,0.4539655,False
406,Tomato___Bacterial_spot,Tomato___Bacterial_spot,0.9668524,True
407,Tomato___Early_blight,Grape___Leaf_blight_(Isariopsis_Leaf_Spot),0.53714216,False
408,Soybean___healthy,Soybean___healthy,0.99989533,True
409,Apple___Black_rot,Peach___Bacterial_spot,0.76933914,False
410,Squash___Powdery_mildew,Squash___Powdery_mildew,0.9394281,True
411,Grape___Esca_(Black_Measles),Strawberry___Leaf_scorch,0.99901354,False
412,Strawberry___healthy,Strawberry___healthy,0.7002647,True
413,Peach___Bacterial_spot,Peach___Bacterial_spot,0.999448,True
414,Tomato___Septoria_leaf_spot,Tomato___Target_Spot,0.28212738,False
415,Potato___Early_blight,Potato___Early_blight,0.93570507,True
416,Blueberry___healthy,Blueberry___healthy,0.998497,True
417,Soybean___healthy,Soybean___healthy,0.9989293,True
418,Orange___Haunglongbing_(Citrus_greening),Orange___Haunglongbing_(Citrus_greening),0.9999958,True
419,Strawberry___Leaf_scorch,Strawberry___Leaf_scorch,0.99648225,True
420,Strawberry___Leaf_scorch,Strawberry___Leaf_scorch,0.67223155,True
421,Blueberry___healthy,Soybean___healthy,0.54176253,False
422,Blueberry___healthy,Blueberry___healthy,0.98923314,True
423,Tomato___Late_blight,Tomato___Late_blight,0.95857644,True
424,Tomato___Bacterial_spot,Tomato___Bacterial_spot,0.94983304,True
425,Orange___Haunglongbing_(Citrus_greening),Orange___Haunglongbing_(Citrus_greening),0.99998796,True
426,Soybean___healthy,Soybean___healthy,0.99779737,True
427,Peach___Bacterial_spot,Peach___Bacterial_spot,0.99956256,True
428,Soybean___healthy,Soybean___healthy,0.9998436,True
429,Apple___healthy,Soybean___healthy,0.97472286,False
430,Soybean___healthy,Soybean___healthy,0.9998165,True
431,Orange___Haunglongbing_(Citrus_greening),Orange___Haunglongbing_(Citrus_greening),0.99658644,True
432,Orange___Haunglongbing_(Citrus_greening),Orange___Haunglongbing_(Citrus_greening),0.9989711,True
433,Potato___Early_blight,Potato___Early_blight,0.780591,True
434,Grape___Leaf_blight_(Isariopsis_Leaf_Spot),Grape___Leaf_blight_(Isariopsis_Leaf_Spot),0.9444675,True
435,Corn_(maize)___healthy,Corn_(maize)___healthy,0.9958117,True
436,Raspberry___healthy,Soybean___healthy,0.40473238,False
437,Apple___Cedar_apple_rust,Apple___Cedar_apple_rust,0.46280167,True
438,"Pepper,_bell___healthy","Pepper,_bell___healthy",0.6914051,True
439,Peach___Bacterial_spot,Peach___Bacterial_spot,0.9999782,True
440,Tomato___Tomato_Yellow_Leaf_Curl_Virus,Tomato___Tomato_Yellow_Leaf_Curl_Virus,0.91829365,True
441,Orange___Haunglongbing_(Citrus_greening),Orange___Haunglongbing_(Citrus_greening),0.9980598,True
442,"Pepper,_bell___Bacterial_spot",Peach___Bacterial_spot,0.48791686,False
443,Soybean___healthy,Soybean___healthy,0.99995565,True
444,Soybean___healthy,Soybean___healthy,0.9994405,True
445,Potato___Late_blight,Potato___Early_blight,0.6480662,False
446,Tomato___Leaf_Mold,Tomato___Septoria_leaf_spot,0.4066853,False
447,Tomato___Tomato_Yellow_Leaf_Curl_Virus,Tomato___Tomato_Yellow_Leaf_Curl_Virus,0.9087526,True
448,Cherry_(including_sour)___healthy,Cherry_(including_sour)___healthy,0.9829715,True
449,Tomato___Tomato_Yellow_Leaf_Curl_Virus,Tomato___Tomato_Yellow_Leaf_Curl_Virus,0.4474414,True
450,Strawberry___Leaf_scorch,Strawberry___Leaf_scorch,0.9950959,True
451,Tomato___healthy,Tomato___healthy,0.8500957,True
452,Tomato___Tomato_Yellow_Leaf_Curl_Virus,Tomato___Tomato_Yellow_Leaf_Curl_Virus,0.9733064,True
453,Corn_(maize)___Cercospora_leaf_spot Gray_leaf_spot,Corn_(maize)___Northern_Leaf_Blight,0.82069063,False
454,Soybean___healthy,Soybean___healthy,0.9999044,True
455,Tomato___healthy,Tomato___healthy,0.95772064,True
456,Tomato___Tomato_Yellow_Leaf_Curl_Virus,Tomato___Tomato_Yellow_Leaf_Curl_Virus,0.9691542,True
457,Tomato___Late_blight,Tomato___Late_blight,0.5395599,True
458,Grape___Esca_(Black_Measles),Grape___Esca_(Black_Measles),0.9395884,True
459,Blueberry___healthy,Blueberry___healthy,0.92829096,True
460,Soybean___healthy,Soybean___healthy,0.9999769,True
461,Raspberry___healthy,Soybean___healthy,0.4954168,False
462,Tomato___Bacterial_spot,Tomato___Bacterial_spot,0.9950772,True
463,Orange___Haunglongbing_(Citrus_greening),Orange___Haunglongbing_(Citrus_greening),0.9999782,True
464,Apple___Apple_scab,Apple___healthy,0.5449608,False
465,Tomato___Bacterial_spot,Tomato___Bacterial_spot,0.9853851,True
466,Tomato___Leaf_Mold,Tomato___Leaf_Mold,0.58937985,True
467,Orange___Haunglongbing_(Citrus_greening),Orange___Haunglongbing_(Citrus_greening),0.98888224,True
468,Tomato___healthy,Tomato___healthy,0.8845291,True
469,Strawberry___Leaf_scorch,Strawberry___Leaf_scorch,0.80901337,True
470,Apple___healthy,Apple___healthy,0.8909377,True
471,Apple___healthy,Peach___healthy,0.47429788,False
472,Orange___Haunglongbing_(Citrus_greening),Orange___Haunglongbing_(Citrus_greening),0.999967,True
473,Grape___healthy,Grape___healthy,0.774122,True
474,Tomato___Bacterial_spot,Soybean___healthy,0.877077,False
475,Tomato___Tomato_Yellow_Leaf_Curl_Virus,Tomato___Tomato_Yellow_Leaf_Curl_Virus,0.99852717,True
476,Orange___Haunglongbing_(Citrus_greening),Orange___Haunglongbing_(Citrus_greening),0.9985109,True
477,Tomato___Tomato_Yellow_Leaf_Curl_Virus,Tomato___Tomato_Yellow_Leaf_Curl_Virus,0.99950874,True
478,Corn_(maize)___Common_rust_,Corn_(maize)___Common_rust_,0.96581185,True
479,Blueberry___healthy,Blueberry___healthy,0.9870432,True
480,Tomato___Leaf_Mold,Tomato___Leaf_Mold,0.49361965,True
481,Squash___Powdery_mildew,Squash___Powdery_mildew,0.95366347,True
482,Strawberry___healthy,Strawberry___Leaf_scorch,0.4655212,False
483,Apple___Black_rot,Apple___Black_rot,0.9910188,True
484,Tomato___Tomato_Yellow_Leaf_Curl_Virus,Tomato___Tomato_Yellow_Leaf_Curl_Virus,0.9884035,True
485,Tomato___healthy,Tomato___healthy,0.9300814,True
486,Blueberry___healthy,Blueberry___healthy,0.9079895,True
487,Cherry_(including_sour)___healthy,Cherry_(including_sour)___healthy,0.92114747,True
488,Grape___Leaf_blight_(Isariopsis_Leaf_Spot),Grape___Leaf_blight_(Isariopsis_Leaf_Spot),0.9997019,True
489,Cherry_(including_sour)___healthy,Cherry_(including_sour)___healthy,0.99259263,True
490,Peach___healthy,Peach___Bacterial_spot,0.88219416,False
491,Tomato___Tomato_Yellow_Leaf_Curl_Virus,Tomato___Tomato_Yellow_Leaf_Curl_Virus,0.9666793,True
492,Orange___Haunglongbing_(Citrus_greening),Orange___Haunglongbing_(Citrus_greening),0.99935263,True
493,Grape___Black_rot,Grape___Black_rot,0.96219176,True
494,Soybean___healthy,Soybean___healthy,0.99444985,True
495,Tomato___Early_blight,Tomato___Late_blight,0.8548262,False
496,Apple___healthy,Soybean___healthy,0.9830736,False
497,Orange___Haunglongbing_(Citrus_greening),Orange___Haunglongbing_(Citrus_greening),0.9999969,True
498,Grape___Black_rot,Grape___Black_rot,0.9090791,True
499,Tomato___healthy,Tomato___healthy,0.8298452,True
500,Tomato___Septoria_leaf_spot,Tomato___Late_blight,0.44132814,False
501,Tomato___Tomato_Yellow_Leaf_Curl_Virus,Tomato___Tomato_Yellow_Leaf_Curl_Virus,0.93360156,True
502,Tomato___Late_blight,Tomato___Late_blight,0.83469427,True
503,Corn_(maize)___Common_rust_,Corn_(maize)___Common_rust_,0.9599005,True
504,"Pepper,_bell___healthy",Soybean___healthy,0.6905028,False
505,Apple___healthy,Potato___Early_blight,0.3999054,False
506,Orange___Haunglongbing_(Citrus_greening),Orange___Haunglongbing_(Citrus_greening),0.9943217,True
507,Tomato___Tomato_Yellow_Leaf_Curl_Virus,Tomato___Late_blight,0.759755,False
508,Squash___Powdery_mildew,Squash___Powdery_mildew,0.9998037,True
509,Cherry_(including_sour)___healthy,Cherry_(including_sour)___healthy,0.98216355,True
510,Corn_(maize)___Northern_Leaf_Blight,Corn_(maize)___Northern_Leaf_Blight,0.9461779,True
511,Soybean___healthy,Soybean___healthy,0.99953926,True
512,Tomato___Tomato_Yellow_Leaf_Curl_Virus,Tomato___Tomato_Yellow_Leaf_Curl_Virus,0.9992724,True
513,Apple___healthy,Apple___healthy,0.53855807,True
514,Orange___Haunglongbing_(Citrus_greening),Orange___Haunglongbing_(Citrus_greening),0.9092272,True
515,"Pepper,_bell___healthy","Pepper,_bell___healthy",0.9505972,True
516,Apple___healthy,Soybean___healthy,0.95176065,False
517,Tomato___Spider_mites Two-spotted_spider_mite,Tomato___Spider_mites Two-spotted_spider_mite,0.8056291,True
518,Potato___Early_blight,Potato___Early_blight,0.9923267,True
519,Tomato___Tomato_Yellow_Leaf_Curl_Virus,Tomato___Tomato_Yellow_Leaf_Curl_Virus,0.49543357,True
520,Soybean___healthy,Soybean___healthy,0.9936254,True
521,Tomato___Bacterial_spot,Tomato___Bacterial_spot,0.518287,True
522,Tomato___Spider_mites Two-spotted_spider_mite,Tomato___Spider_mites Two-spotted_spider_mite,0.8903244,True
523,Tomato___Bacterial_spot,Potato___Early_blight,0.7293294,False
524,Tomato___Tomato_Yellow_Leaf_Curl_Virus,Tomato___Septoria_leaf_spot,0.2067872,False
525,Orange___Haunglongbing_(Citrus_greening),Orange___Haunglongbing_(Citrus_greening),0.9999716,True
526,Apple___healthy,Soybean___healthy,0.95615077,False
527,Orange___Haunglongbing_(Citrus_greening),Orange___Haunglongbing_(Citrus_greening),0.9997272,True
528,Tomato___Septoria_leaf_spot,Tomato___Bacterial_spot,0.5853672,False
529,Orange___Haunglongbing_(Citrus_greening),Orange___Haunglongbing_(Citrus_greening),0.9999846,True
530,Tomato___Bacterial_spot,Tomato___Bacterial_spot,0.98890555,True
531,Tomato___Target_Spot,Tomato___Target_Spot,0.63784343,True
532,Tomato___Tomato_Yellow_Leaf_Curl_Virus,Tomato___Tomato_Yellow_Leaf_Curl_Virus,0.9887321,True
533,Apple___Apple_scab,Apple___healthy,0.48022282,False
534,Tomato___Spider_mites Two-spotted_spider_mite,Tomato___Spider_mites Two-spotted_spider_mite,0.19864579,True
535,Soybean___healthy,Soybean___healthy,0.99727577,True
536,Apple___healthy,Apple___healthy,0.8981046,True
537,Apple___healthy,Apple___healthy,0.56747544,True
538,Tomato___Target_Spot,Soybean___healthy,0.64996743,False
539,Orange___Haunglongbing_(Citrus_greening),Orange___Haunglongbing_(Citrus_greening),0.9999777,True
540,Orange___Haunglongbing_(Citrus_greening),Orange___Haunglongbing_(Citrus_greening),0.9993856,True
541,Orange___Haunglongbing_(Citrus_greening),Orange___Haunglongbing_(Citrus_greening),0.9999796,True
542,Grape___Esca_(Black_Measles),Grape___Esca_(Black_Measles),0.77638316,True
543,Tomato___Bacterial_spot,Potato___Early_blight,0.64072007,False
544,Tomato___Bacterial_spot,Tomato___Bacterial_spot,0.607698,True
545,Cherry_(including_sour)___healthy,Cherry_(including_sour)___healthy,0.9973556,True
546,Apple___Black_rot,Apple___Black_rot,0.9941366,True
547,Squash___Powdery_mildew,Squash___Powdery_mildew,0.9981822,True
548,Tomato___Bacterial_spot,Tomato___Bacterial_spot,0.563081,True
549,Apple___Apple_scab,Soybean___healthy,0.34504396,False
550,Corn_(maize)___Cercospora_leaf_spot Gray_leaf_spot,Corn_(maize)___Northern_Leaf_Blight,0.854246,False
551,Tomato___Bacterial_spot,Tomato___Bacterial_spot,0.92062503,True
552,Soybean___healthy,Soybean___healthy,0.9999747,True
553,Tomato___Tomato_Yellow_Leaf_Curl_Virus,Tomato___Late_blight,0.3151196,False
554,Soybean___healthy,Soybean___healthy,0.99997354,True
555,Soybean___healthy,Soybean___healthy,0.9999498,True
556,Soybean___healthy,Soybean___healthy,0.99918026,True
557,Soybean___healthy,Soybean___healthy,0.999423,True
558,Cherry_(including_sour)___Powdery_mildew,Cherry_(including_sour)___Powdery_mildew,0.9959459,True
559,Peach___Bacterial_spot,Tomato___Septoria_leaf_spot,0.43162364,False
560,Grape___Black_rot,Grape___Black_rot,0.6876649,True
561,Apple___healthy,Soybean___healthy,0.5933701,False
562,"Pepper,_bell___healthy",Soybean___healthy,0.9030731,False
563,Tomato___Tomato_Yellow_Leaf_Curl_Virus,Tomato___Tomato_Yellow_Leaf_Curl_Virus,0.519128,True
564,Soybean___healthy,Soybean___healthy,0.9994842,True
565,Tomato___Tomato_Yellow_Leaf_Curl_Virus,Tomato___Tomato_Yellow_Leaf_Curl_Virus,0.9975006,True
566,Tomato___Target_Spot,Soybean___healthy,0.3542506,False
567,Soybean___healthy,Soybean___healthy,0.9986706,True
568,Orange___Haunglongbing_(Citrus_greening),Orange___Haunglongbing_(Citrus_greening),0.9999559,True
569,Squash___Powdery_mildew,Squash___Powdery_mildew,0.7122837,True
570,Tomato___Spider_mites Two-spotted_spider_mite,Tomato___Target_Spot,0.3500416,False
571,Apple___healthy,Soybean___healthy,0.74432003,False
572,Corn_(maize)___Cercospora_leaf_spot Gray_leaf_spot,Corn_(maize)___Northern_Leaf_Blight,0.7287412,False
573,Orange___Haunglongbing_(Citrus_greening),Orange___Haunglongbing_(Citrus_greening),0.9996687,True
574,Squash___Powdery_mildew,Squash___Powdery_mildew,0.9801743,True
575,Tomato___Bacterial_spot,Tomato___Bacterial_spot,0.9918794,True
576,Tomato___healthy,Tomato___healthy,0.4741469,True
577,Orange___Haunglongbing_(Citrus_greening),Orange___Haunglongbing_(Citrus_greening),0.9999994,True
578,"Pepper,_bell___healthy","Pepper,_bell___healthy",0.9960018,True
579,Tomato___Early_blight,Potato___Early_blight,0.4764682,False
580,Peach___Bacterial_spot,Peach___Bacterial_spot,0.9914261,True
581,Tomato___Tomato_Yellow_Leaf_Curl_Virus,Tomato___Tomato_Yellow_Leaf_Curl_Virus,0.39498404,True
582,Tomato___Target_Spot,Tomato___Target_Spot,0.40571916,True
583,Tomato___Tomato_Yellow_Leaf_Curl_Virus,Tomato___Tomato_Yellow_Leaf_Curl_Virus,0.9504808,True
584,Orange___Haunglongbing_(Citrus_greening),Orange___Haunglongbing_(Citrus_greening),1.0,True
585,Soybean___healthy,Soybean___healthy,0.99806875,True
586,Corn_(maize)___Common_rust_,Corn_(maize)___Common_rust_,0.99796766,True
587,Tomato___Septoria_leaf_spot,Tomato___Bacterial_spot,0.40776515,False
588,Grape___Leaf_blight_(Isariopsis_Leaf_Spot),Grape___Leaf_blight_(Isariopsis_Leaf_Spot),0.9998989,True
589,Squash___Powdery_mildew,Corn_(maize)___Common_rust_,0.62680763,False
590,Squash___Powdery_mildew,Corn_(maize)___Common_rust_,0.42343372,False
591,Tomato___Tomato_Yellow_Leaf_Curl_Virus,Tomato___Tomato_Yellow_Leaf_Curl_Virus,0.99377006,True
592,Orange___Haunglongbing_(Citrus_greening),Orange___Haunglongbing_(Citrus_greening),0.67476624,True
593,Soybean___healthy,Soybean___healthy,0.99985945,True
594,Soybean___healthy,Soybean___healthy,0.9973442,True
595,Tomato___Tomato_Yellow_Leaf_Curl_Virus,Tomato___Tomato_Yellow_Leaf_Curl_Virus,0.9988212,True
596,Grape___Esca_(Black_Measles),Grape___Esca_(Black_Measles),0.96783084,True
597,Apple___Apple_scab,Apple___Apple_scab,0.46540523,True
598,Tomato___Early_blight,Tomato___Early_blight,0.4951037,True
599,Grape___Esca_(Black_Measles),Grape___Esca_(Black_Measles),0.93644667,True
600,Tomato___Tomato_Yellow_Leaf_Curl_Virus,Tomato___Tomato_Yellow_Leaf_Curl_Virus,0.99952555,True
601,Orange___Haunglongbing_(Citrus_greening),Orange___Haunglongbing_(Citrus_greening),1.0,True
602,Soybean___healthy,Soybean___healthy,0.99897635,True
603,"Pepper,_bell___Bacterial_spot","Pepper,_bell___Bacterial_spot",0.89039075,True
604,Apple___healthy,Apple___healthy,0.8690622,True
605,Squash___Powdery_mildew,Squash___Powdery_mildew,0.9721871,True
606,Corn_(maize)___Northern_Leaf_Blight,Corn_(maize)___Northern_Leaf_Blight,0.92229545,True
607,Corn_(maize)___Common_rust_,Corn_(maize)___Common_rust_,0.9918835,True
608,Orange___Haunglongbing_(Citrus_greening),Orange___Haunglongbing_(Citrus_greening),0.9995492,True
609,Grape___Esca_(Black_Measles),Grape___Esca_(Black_Measles),0.8390707,True
610,Soybean___healthy,Soybean___healthy,0.9998129,True
611,Tomato___Tomato_Yellow_Leaf_Curl_Virus,Tomato___Tomato_Yellow_Leaf_Curl_Virus,0.9946121,True
612,Soybean___healthy,Soybean___healthy,0.99681515,True
613,Tomato___Spider_mites Two-spotted_spider_mite,Tomato___Late_blight,0.24386442,False
614,Tomato___Late_blight,Potato___Early_blight,0.6125734,False
615,Soybean___healthy,Soybean___healthy,0.99878114,True
616,Peach___Bacterial_spot,Peach___Bacterial_spot,0.9939097,True
617,Tomato___Tomato_Yellow_Leaf_Curl_Virus,Tomato___Tomato_Yellow_Leaf_Curl_Virus,0.90572816,True
618,Orange___Haunglongbing_(Citrus_greening),Orange___Haunglongbing_(Citrus_greening),0.9995608,True
619,Apple___Black_rot,Peach___Bacterial_spot,0.45239702,False
620,Grape___Leaf_blight_(Isariopsis_Leaf_Spot),Grape___Leaf_blight_(Isariopsis_Leaf_Spot),0.99752814,True
621,Squash___Powdery_mildew,Strawberry___Leaf_scorch,0.36059648,False
622,Tomato___Bacterial_spot,Tomato___Bacterial_spot,0.7963023,True
623,Potato___Early_blight,Potato___Early_blight,0.9816746,True
624,Potato___Early_blight,Potato___Early_blight,0.91567224,True
625,Corn_(maize)___healthy,Corn_(maize)___healthy,0.9904648,True
626,Tomato___Leaf_Mold,Tomato___Septoria_leaf_spot,0.77933586,False
627,Peach___healthy,Peach___healthy,0.5716621,True
628,Tomato___Target_Spot,Tomato___Target_Spot,0.52767897,True
629,Apple___healthy,Soybean___healthy,0.53294015,False
630,Tomato___Spider_mites Two-spotted_spider_mite,Tomato___Spider_mites Two-spotted_spider_mite,0.7699613,True
631,Tomato___Septoria_leaf_spot,Tomato___Septoria_leaf_spot,0.6611955,True
632,Tomato___Tomato_Yellow_Leaf_Curl_Virus,Tomato___Tomato_Yellow_Leaf_Curl_Virus,0.9989587,True
633,Tomato___Tomato_Yellow_Leaf_Curl_Virus,Tomato___Tomato_Yellow_Leaf_Curl_Virus,0.9989047,True
634,Tomato___Target_Spot,Soybean___healthy,0.8835394,False
635,Orange___Haunglongbing_(Citrus_greening),Orange___Haunglongbing_(Citrus_greening),0.9873241,True
636,Tomato___Late_blight,Potato___Early_blight,0.68470836,False
637,"Pepper,_bell___healthy",Soybean___healthy,0.6190573,False
638,Orange___Haunglongbing_(Citrus_greening),Orange___Haunglongbing_(Citrus_greening),0.99806446,True
639,Blueberry___healthy,Peach___Bacterial_spot,0.63089556,False
640,Tomato___Tomato_Yellow_Leaf_Curl_Virus,Tomato___Tomato_Yellow_Leaf_Curl_Virus,0.991067,True
641,Cherry_(including_sour)___Powdery_mildew,Cherry_(including_sour)___Powdery_mildew,0.99955827,True
642,Tomato___Late_blight,Tomato___Late_blight,0.61377,True
643,Potato___Early_blight,Potato___Early_blight,0.86889124,True
644,Orange___Haunglongbing_(Citrus_greening),Orange___Haunglongbing_(Citrus_greening),0.99999976,True
645,Corn_(maize)___Common_rust_,Corn_(maize)___Common_rust_,0.99677867,True
646,Soybean___healthy,Soybean___healthy,0.9985267,True
647,Tomato___Tomato_Yellow_Leaf_Curl_Virus,Tomato___Tomato_Yellow_Leaf_Curl_Virus,0.9297386,True
648,Orange___Haunglongbing_(Citrus_greening),Orange___Haunglongbing_(Citrus_greening),0.99933285,True
649,"Pepper,_bell___healthy","Pepper,_bell___healthy",0.65726244,True
650,Cherry_(including_sour)___healthy,Cherry_(including_sour)___healthy,0.802983,True
651,Tomato___Late_blight,Tomato___Late_blight,0.5832999,True
652,Potato___healthy,Soybean___healthy,0.4930095,False
653,Peach___Bacterial_spot,Peach___Bacterial_spot,0.9955539,True
654,Orange___Haunglongbing_(Citrus_greening),Orange___Haunglongbing_(Citrus_greening),0.6224528,True
655,Apple___healthy,Apple___healthy,0.5805734,True
656,Apple___Apple_scab,Potato___Early_blight,0.3301471,False
657,Tomato___Spider_mites Two-spotted_spider_mite,Blueberry___healthy,0.49941006,False
658,Orange___Haunglongbing_(Citrus_greening),Orange___Haunglongbing_(Citrus_greening),0.99999964,True
659,Tomato___Leaf_Mold,Tomato___Septoria_leaf_spot,0.43148163,False
660,Blueberry___healthy,Blueberry___healthy,0.87666625,True
661,Tomato___Late_blight,Tomato___Early_blight,0.59325844,False
662,Tomato___Bacterial_spot,Soybean___healthy,0.99262893,False
663,Apple___Black_rot,Apple___Black_rot,0.8846562,True
664,Corn_(maize)___Northern_Leaf_Blight,Corn_(maize)___Northern_Leaf_Blight,0.9281123,True
665,Potato___healthy,Soybean___healthy,0.4941029,False
666,Peach___Bacterial_spot,Peach___Bacterial_spot,0.9999789,True
667,Tomato___Bacterial_spot,Soybean___healthy,0.52316433,False
668,Peach___Bacterial_spot,Peach___Bacterial_spot,0.8994463,True
669,Tomato___Bacterial_spot,Tomato___Bacterial_spot,0.724568,True
670,Strawberry___healthy,Strawberry___healthy,0.93786657,True
671,"Pepper,_bell___Bacterial_spot","Pepper,_bell___Bacterial_spot",0.9943915,True
672,Tomato___Leaf_Mold,Tomato___Leaf_Mold,0.38407576,True
673,Potato___Late_blight,Grape___Leaf_blight_(Isariopsis_Leaf_Spot),0.46708393,False
674,Cherry_(including_sour)___Powdery_mildew,Tomato___Late_blight,0.4349844,False
675,Orange___Haunglongbing_(Citrus_greening),Orange___Haunglongbing_(Citrus_greening),0.95898324,True
676,"Pepper,_bell___healthy","Pepper,_bell___healthy",0.98941374,True
677,Tomato___Target_Spot,Tomato___Bacterial_spot,0.34528586,False
678,Corn_(maize)___Common_rust_,Corn_(maize)___Common_rust_,0.9232935,True
679,Peach___Bacterial_spot,Peach___Bacterial_spot,0.9954436,True
680,Tomato___Spider_mites Two-spotted_spider_mite,Tomato___Late_blight,0.31043324,False
681,Tomato___Late_blight,Tomato___Late_blight,0.9837996,True
682,Squash___Powdery_mildew,Squash___Powdery_mildew,0.99952376,True
683,Orange___Haunglongbing_(Citrus_greening),Orange___Haunglongbing_(Citrus_greening),0.99976224,True
684,Tomato___Septoria_leaf_spot,Grape___Leaf_blight_(Isariopsis_Leaf_Spot),0.41273087,False
685,Soybean___healthy,Soybean___healthy,0.99989676,True
686,Squash___Powdery_mildew,Squash___Powdery_mildew,0.99984837,True
687,Grape___healthy,Grape___healthy,0.91088593,True
688,Corn_(maize)___healthy,Corn_(maize)___healthy,0.9821004,True
689,Grape___Esca_(Black_Measles),Grape___Esca_(Black_Measles),0.8191766,True
690,Corn_(maize)___Common_rust_,Corn_(maize)___Common_rust_,0.9856171,True
691,Tomato___Septoria_leaf_spot,Grape___Leaf_blight_(Isariopsis_Leaf_Spot),0.62835956,False
692,Squash___Powdery_mildew,Corn_(maize)___Northern_Leaf_Blight,0.7653893,False
693,Potato___healthy,Soybean___healthy,0.9595525,False
694,Soybean___healthy,Soybean___healthy,0.9796165,True
695,Tomato___Tomato_Yellow_Leaf_Curl_Virus,Tomato___Tomato_Yellow_Leaf_Curl_Virus,0.96873236,True
696,Soybean___healthy,Soybean___healthy,0.9973558,True
697,Tomato___healthy,Tomato___healthy,0.92146397,True
698,Tomato___Bacterial_spot,Tomato___Bacterial_spot,0.38985687,True
699,Soybean___healthy,Soybean___healthy,0.99961734,True
700,Cherry_(including_sour)___healthy,Cherry_(including_sour)___healthy,0.9958574,True
701,Grape___Leaf_blight_(Isariopsis_Leaf_Spot),Grape___Leaf_blight_(Isariopsis_Leaf_Spot),0.99929667,True
702,Strawberry___healthy,Strawberry___healthy,0.72097737,True
703,Tomato___Tomato_Yellow_Leaf_Curl_Virus,Tomato___Tomato_Yellow_Leaf_Curl_Virus,0.9835181,True
704,Apple___Black_rot,Soybean___healthy,0.52931494,False
705,Tomato___Septoria_leaf_spot,Tomato___Septoria_leaf_spot,0.61652064,True
706,Apple___Apple_scab,Soybean___healthy,0.35857713,False
707,Tomato___Late_blight,Tomato___Late_blight,0.60642165,True
708,Apple___Black_rot,Apple___Black_rot,0.64642894,True
709,Peach___Bacterial_spot,Peach___Bacterial_spot,0.9077413,True
710,Soybean___healthy,Soybean___healthy,0.99983466,True
711,Tomato___Tomato_Yellow_Leaf_Curl_Virus,Tomato___Tomato_Yellow_Leaf_Curl_Virus,0.9995982,True
712,Soybean___healthy,Soybean___healthy,0.9954267,True
713,Tomato___Bacterial_spot,Tomato___Bacterial_spot,0.791323,True
714,Tomato___Late_blight,Tomato___Late_blight,0.9751428,True
715,Blueberry___healthy,Blueberry___healthy,0.9262863,True
716,Blueberry___healthy,Blueberry___healthy,0.9948036,True
717,Apple___healthy,Apple___healthy,0.6208564,True
718,Squash___Powdery_mildew,Corn_(maize)___healthy,0.94467294,False
719,Tomato___Bacterial_spot,Tomato___Bacterial_spot,0.98094773,True
720,Strawberry___Leaf_scorch,Strawberry___Leaf_scorch,0.9993806,True
721,Apple___healthy,Apple___healthy,0.9196109,True
722,Tomato___Tomato_Yellow_Leaf_Curl_Virus,Tomato___Tomato_Yellow_Leaf_Curl_Virus,0.9999354,True
723,Tomato___Tomato_Yellow_Leaf_Curl_Virus,Tomato___Tomato_Yellow_Leaf_Curl_Virus,0.7309109,True
724,Tomato___Tomato_Yellow_Leaf_Curl_Virus,Tomato___Tomato_Yellow_Leaf_Curl_Virus,0.4086455,True
725,Tomato___Late_blight,Tomato___Late_blight,0.99544674,True
726,Tomato___Tomato_Yellow_Leaf_Curl_Virus,Tomato___Tomato_Yellow_Leaf_Curl_Virus,0.9879451,True
727,Tomato___Septoria_leaf_spot,Tomato___Septoria_leaf_spot,0.62128925,True
728,Peach___Bacterial_spot,Peach___Bacterial_spot,0.99963176,True
729,Peach___Bacterial_spot,Peach___Bacterial_spot,0.99925154,True
730,Tomato___Tomato_Yellow_Leaf_Curl_Virus,Tomato___Tomato_Yellow_Leaf_Curl_Virus,0.9944142,True
731,Tomato___Late_blight,Tomato___Late_blight,0.9780592,True
732,Soybean___healthy,Soybean___healthy,0.8704959,True
733,Orange___Haunglongbing_(Citrus_greening),Orange___Haunglongbing_(Citrus_greening),0.99999905,True
734,Tomato___Tomato_Yellow_Leaf_Curl_Virus,Tomato___Tomato_Yellow_Leaf_Curl_Virus,0.93072635,True
735,Tomato___Tomato_Yellow_Leaf_Curl_Virus,Tomato___Tomato_Yellow_Leaf_Curl_Virus,0.98924327,True
736,Tomato___Tomato_Yellow_Leaf_Curl_Virus,Tomato___Tomato_Yellow_Leaf_Curl_Virus,0.9978822,True
737,Apple___healthy,Apple___healthy,0.99009037,True
738,Corn_(maize)___Common_rust_,Corn_(maize)___Common_rust_,0.9979538,True
739,Tomato___Late_blight,Tomato___Early_blight,0.42347923,False
740,Soybean___healthy,Soybean___healthy,0.9992434,True
741,Orange___Haunglongbing_(Citrus_greening),Orange___Haunglongbing_(Citrus_greening),0.9999999,True
742,Squash___Powdery_mildew,Squash___Powdery_mildew,0.98417675,True
743,Tomato___healthy,Soybean___healthy,0.9390865,False
744,Grape___Esca_(Black_Measles),Grape___Leaf_blight_(Isariopsis_Leaf_Spot),0.63130605,False
745,Tomato___Tomato_Yellow_Leaf_Curl_Virus,Tomato___Tomato_Yellow_Leaf_Curl_Virus,0.99919957,True
746,Soybean___healthy,Soybean___healthy,0.9972819,True
747,Grape___Esca_(Black_Measles),Strawberry___Leaf_scorch,0.6953765,False
748,Potato___Late_blight,Potato___Late_blight,0.58145326,True
749,Corn_(maize)___Cercospora_leaf_spot Gray_leaf_spot,Corn_(maize)___Northern_Leaf_Blight,0.8774865,False
750,Grape___Esca_(Black_Measles),Grape___Esca_(Black_Measles),0.92735523,True
751,Tomato___Late_blight,Potato___Early_blight,0.27677786,False
752,Tomato___Early_blight,Tomato___Early_blight,0.7812909,True
753,Tomato___Tomato_Yellow_Leaf_Curl_Virus,Tomato___Tomato_Yellow_Leaf_Curl_Virus,0.9681741,True
754,Soybean___healthy,Soybean___healthy,0.9989685,True
755,Orange___Haunglongbing_(Citrus_greening),Orange___Haunglongbing_(Citrus_greening),0.9999939,True
756,Squash___Powdery_mildew,Corn_(maize)___Northern_Leaf_Blight,0.5088717,False
757,Potato___Early_blight,Strawberry___Leaf_scorch,0.5170168,False
758,Corn_(maize)___Northern_Leaf_Blight,Corn_(maize)___Northern_Leaf_Blight,0.95926857,True
759,Soybean___healthy,Soybean___healthy,0.99980503,True
760,Apple___healthy,Soybean___healthy,0.541773,False
761,Grape___Leaf_blight_(Isariopsis_Leaf_Spot),Grape___Leaf_blight_(Isariopsis_Leaf_Spot),0.9998159,True
762,Tomato___Bacterial_spot,Tomato___Bacterial_spot,0.71926427,True
763,Peach___Bacterial_spot,Peach___Bacterial_spot,0.9888411,True
764,Tomato___Bacterial_spot,Tomato___Bacterial_spot,0.994163,True
765,Blueberry___healthy,Blueberry___healthy,0.97635263,True
766,Soybean___healthy,Soybean___healthy,0.999949,True
767,Corn_(maize)___Common_rust_,Corn_(maize)___Common_rust_,0.9999051,True
768,Cherry_(including_sour)___healthy,Cherry_(including_sour)___healthy,0.36387992,True
769,Apple___healthy,Apple___healthy,0.5795876,True
770,"Pepper,_bell___healthy","Pepper,_bell___healthy",0.8262304,True
771,Tomato___Spider_mites Two-spotted_spider_mite,Soybean___healthy,0.73990965,False
772,Apple___Cedar_apple_rust,Apple___Cedar_apple_rust,0.67350954,True
773,Grape___healthy,Grape___healthy,0.9835632,True
774,Tomato___Leaf_Mold,Tomato___Leaf_Mold,0.8221934,True
775,Orange___Haunglongbing_(Citrus_greening),Orange___Haunglongbing_(Citrus_greening),0.99999964,True
776,Blueberry___healthy,Blueberry___healthy,0.99914837,True
777,Squash___Powdery_mildew,Strawberry___Leaf_scorch,0.17376083,False
778,Corn_(maize)___healthy,Corn_(maize)___healthy,0.995336,True
779,Tomato___Tomato_Yellow_Leaf_Curl_Virus,Tomato___Late_blight,0.43870023,False
780,Tomato___Early_blight,Tomato___Late_blight,0.4834501,False
781,Blueberry___healthy,Soybean___healthy,0.5285419,False
782,Soybean___healthy,Soybean___healthy,0.9992974,True
783,Tomato___Tomato_mosaic_virus,Tomato___Late_blight,0.72278047,False
784,Tomato___Tomato_Yellow_Leaf_Curl_Virus,Tomato___Tomato_Yellow_Leaf_Curl_Virus,0.97210175,True
785,Squash___Powdery_mildew,Squash___Powdery_mildew,0.9647652,True
786,Soybean___healthy,Soybean___healthy,0.99864286,True
787,Tomato___Tomato_Yellow_Leaf_Curl_Virus,Tomato___Tomato_Yellow_Leaf_Curl_Virus,0.98126376,True
788,Tomato___Tomato_Yellow_Leaf_Curl_Virus,Tomato___Tomato_Yellow_Leaf_Curl_Virus,0.9979705,True
789,Soybean___healthy,Soybean___healthy,0.99926704,True
790,Raspberry___healthy,Raspberry___healthy,0.7654002,True
791,"Pepper,_bell___healthy","Pepper,_bell___healthy",0.9701357,True
792,Peach___Bacterial_spot,Peach___Bacterial_spot,0.99437755,True
793,Tomato___Late_blight,Potato___Early_blight,0.7997103,False
794,Apple___Black_rot,Apple___Black_rot,0.5571745,True
795,"Pepper,_bell___healthy","Pepper,_bell___healthy",0.9821485,True
796,Peach___Bacterial_spot,Peach___Bacterial_spot,0.9105282,True
797,Tomato___Bacterial_spot,Tomato___Septoria_leaf_spot,0.6436794,False
798,Tomato___Tomato_Yellow_Leaf_Curl_Virus,Tomato___Tomato_Yellow_Leaf_Curl_Virus,0.97673756,True
799,Corn_(maize)___Common_rust_,Corn_(maize)___Common_rust_,0.9983865,True
800,Corn_(maize)___healthy,Corn_(maize)___healthy,0.9986578,True
801,Apple___Apple_scab,Apple___healthy,0.6829857,False
802,Tomato___Tomato_Yellow_Leaf_Curl_Virus,Tomato___Tomato_Yellow_Leaf_Curl_Virus,0.9941736,True
803,"Pepper,_bell___Bacterial_spot",Potato___Early_blight,0.95456356,False
804,Apple___Apple_scab,Apple___healthy,0.6341852,False
805,Apple___healthy,Apple___healthy,0.5962954,True
806,Cherry_(including_sour)___healthy,Cherry_(including_sour)___healthy,0.99694437,True
807,Tomato___Late_blight,Tomato___Late_blight,0.9978453,True
808,Peach___Bacterial_spot,Peach___Bacterial_spot,0.9938944,True
809,Peach___Bacterial_spot,Peach___Bacterial_spot,0.99317074,True
810,Tomato___Tomato_Yellow_Leaf_Curl_Virus,Tomato___Tomato_Yellow_Leaf_Curl_Virus,0.99065304,True
811,Strawberry___healthy,Strawberry___healthy,0.6939844,True
812,Corn_(maize)___Cercospora_leaf_spot Gray_leaf_spot,Corn_(maize)___Northern_Leaf_Blight,0.7821988,False
813,Tomato___Tomato_Yellow_Leaf_Curl_Virus,Tomato___Tomato_Yellow_Leaf_Curl_Virus,0.9846175,True
814,Tomato___Spider_mites Two-spotted_spider_mite,Tomato___healthy,0.29947647,False
815,Strawberry___Leaf_scorch,Strawberry___Leaf_scorch,0.9321621,True
816,Corn_(maize)___Common_rust_,Corn_(maize)___Common_rust_,0.9970203,True
817,Tomato___Septoria_leaf_spot,Tomato___Septoria_leaf_spot,0.69650304,True
818,"Pepper,_bell___Bacterial_spot",Orange___Haunglongbing_(Citrus_greening),0.45459062,False
819,"Pepper,_bell___healthy","Pepper,_bell___healthy",0.76646805,True
820,Tomato___Septoria_leaf_spot,Tomato___Bacterial_spot,0.8684741,False
821,Cherry_(including_sour)___Powdery_mildew,Cherry_(including_sour)___Powdery_mildew,0.9993424,True
822,Tomato___Tomato_Yellow_Leaf_Curl_Virus,Tomato___Tomato_Yellow_Leaf_Curl_Virus,0.9474628,True
823,Tomato___healthy,Soybean___healthy,0.90696746,False
824,"Pepper,_bell___healthy","Pepper,_bell___healthy",0.77330273,True
825,Tomato___Late_blight,Tomato___Late_blight,0.34446242,True
826,Tomato___Tomato_Yellow_Leaf_Curl_Virus,Tomato___Tomato_Yellow_Leaf_Curl_Virus,0.88167894,True
827,Peach___Bacterial_spot,Peach___Bacterial_spot,0.9988438,True
828,Tomato___Tomato_Yellow_Leaf_Curl_Virus,Tomato___Tomato_Yellow_Leaf_Curl_Virus,0.82208365,True
829,Tomato___Bacterial_spot,Tomato___Septoria_leaf_spot,0.3179033,False
830,Cherry_(including_sour)___healthy,Cherry_(including_sour)___healthy,0.9873132,True
831,"Pepper,_bell___healthy","Pepper,_bell___healthy",0.51886463,True
832,Tomato___Spider_mites Two-spotted_spider_mite,Soybean___healthy,0.54908025,False
833,Tomato___Late_blight,Tomato___Late_blight,0.91286904,True
834,Apple___Cedar_apple_rust,Apple___Cedar_apple_rust,0.64247495,True
835,Orange___Haunglongbing_(Citrus_greening),Orange___Haunglongbing_(Citrus_greening),0.9999999,True
836,Tomato___Tomato_Yellow_Leaf_Curl_Virus,Tomato___Tomato_Yellow_Leaf_Curl_Virus,0.99715567,True
837,Peach___Bacterial_spot,Peach___Bacterial_spot,0.99362344,True
838,Squash___Powdery_mildew,Strawberry___Leaf_scorch,0.7656111,False
839,Potato___Late_blight,Potato___Early_blight,0.9501673,False
840,Tomato___Target_Spot,Tomato___Target_Spot,0.27918833,True
841,Squash___Powdery_mildew,Squash___Powdery_mildew,0.96083826,True
842,Soybean___healthy,Soybean___healthy,0.9966851,True
843,Tomato___Leaf_Mold,Tomato___Leaf_Mold,0.73609567,True
844,Orange___Haunglongbing_(Citrus_greening),Orange___Haunglongbing_(Citrus_greening),0.99934393,True
845,Cherry_(including_sour)___healthy,Cherry_(including_sour)___healthy,0.9846347,True
846,Peach___Bacterial_spot,Orange___Haunglongbing_(Citrus_greening),0.5378005,False
847,Tomato___Target_Spot,Tomato___Target_Spot,0.41908777,True
848,Soybean___healthy,Soybean___healthy,0.9999616,True
849,Tomato___Bacterial_spot,Tomato___Bacterial_spot,0.69903105,True
850,Tomato___Tomato_Yellow_Leaf_Curl_Virus,Tomato___Tomato_Yellow_Leaf_Curl_Virus,0.45923677,True
851,Soybean___healthy,Soybean___healthy,0.99951506,True
852,Potato___Late_blight,Potato___Late_blight,0.8835107,True
853,Grape___healthy,Grape___healthy,0.5553806,True
854,Potato___Late_blight,Potato___Early_blight,0.66608626,False
855,Orange___Haunglongbing_(Citrus_greening),Orange___Haunglongbing_(Citrus_greening),0.99459803,True
856,Cherry_(including_sour)___Powdery_mildew,Cherry_(including_sour)___Powdery_mildew,0.999448,True
857,Grape___Esca_(Black_Measles),Grape___Black_rot,0.54475546,False
858,Cherry_(including_sour)___healthy,Cherry_(including_sour)___healthy,0.9975782,True
859,Strawberry___Leaf_scorch,Strawberry___Leaf_scorch,0.9891889,True
860,Soybean___healthy,Soybean___healthy,0.995141,True
861,Squash___Powdery_mildew,Squash___Powdery_mildew,0.37701148,True
862,Tomato___Tomato_Yellow_Leaf_Curl_Virus,Tomato___Tomato_Yellow_Leaf_Curl_Virus,0.99934345,True
863,Tomato___Leaf_Mold,Tomato___Leaf_Mold,0.7341083,True
864,Peach___Bacterial_spot,Peach___Bacterial_spot,0.94413847,True
865,"Pepper,_bell___healthy","Pepper,_bell___healthy",0.44053182,True
866,Squash___Powdery_mildew,Squash___Powdery_mildew,0.99399227,True
867,Strawberry___Leaf_scorch,Strawberry___Leaf_scorch,0.99718446,True
868,Potato___Early_blight,Strawberry___Leaf_scorch,0.6305062,False
869,Grape___Leaf_blight_(Isariopsis_Leaf_Spot),Grape___Leaf_blight_(Isariopsis_Leaf_Spot),0.9993729,True
870,Tomato___Target_Spot,Tomato___Target_Spot,0.45374236,True
871,Tomato___Leaf_Mold,Tomato___Septoria_leaf_spot,0.5556729,False
872,Cherry_(including_sour)___Powdery_mildew,Cherry_(including_sour)___Powdery_mildew,0.99628407,True
873,"Pepper,_bell___Bacterial_spot","Pepper,_bell___Bacterial_spot",0.5946055,True
874,Tomato___Tomato_Yellow_Leaf_Curl_Virus,Tomato___Tomato_Yellow_Leaf_Curl_Virus,0.9995443,True
875,Cherry_(including_sour)___Powdery_mildew,Cherry_(including_sour)___Powdery_mildew,0.99716336,True
876,Orange___Haunglongbing_(Citrus_greening),Orange___Haunglongbing_(Citrus_greening),0.97460914,True
877,Orange___Haunglongbing_(Citrus_greening),Orange___Haunglongbing_(Citrus_greening),0.99999964,True
878,Peach___Bacterial_spot,Peach___Bacterial_spot,0.99999344,True
879,Grape___Black_rot,Grape___Black_rot,0.98821765,True
880,Grape___healthy,Grape___healthy,0.9848958,True
881,Tomato___Bacterial_spot,Potato___Early_blight,0.38432428,False
882,Tomato___Leaf_Mold,Tomato___Leaf_Mold,0.5836916,True
883,Grape___Leaf_blight_(Isariopsis_Leaf_Spot),Grape___Leaf_blight_(Isariopsis_Leaf_Spot),0.96087635,True
884,Potato___Early_blight,Potato___Early_blight,0.83578086,True
885,Peach___Bacterial_spot,Peach___Bacterial_spot,0.8778824,True
886,Tomato___Tomato_Yellow_Leaf_Curl_Virus,Tomato___Tomato_Yellow_Leaf_Curl_Virus,0.8492083,True
887,Tomato___Tomato_Yellow_Leaf_Curl_Virus,Tomato___Tomato_Yellow_Leaf_Curl_Virus,0.9772803,True
888,Corn_(maize)___healthy,Corn_(maize)___healthy,0.9986034,True
889,Apple___healthy,Apple___healthy,0.6174724,True
890,Soybean___healthy,Soybean___healthy,0.9999374,True
891,Potato___Late_blight,Potato___Late_blight,0.48035672,True
892,Grape___Esca_(Black_Measles),Grape___Esca_(Black_Measles),0.2494292,True
893,Tomato___Tomato_Yellow_Leaf_Curl_Virus,Tomato___Tomato_Yellow_Leaf_Curl_Virus,0.9862112,True
894,Grape___healthy,Grape___healthy,0.7822982,True
895,Peach___healthy,Peach___Bacterial_spot,0.9871115,False
896,Blueberry___healthy,Potato___Late_blight,0.39853618,False
897,Tomato___Bacterial_spot,Tomato___Bacterial_spot,0.4730881,True
898,Potato___Late_blight,Potato___Late_blight,0.61156666,True
899,Soybean___healthy,Soybean___healthy,0.9993814,True
900,Peach___Bacterial_spot,Peach___Bacterial_spot,0.99999714,True
901,Tomato___healthy,Tomato___healthy,0.69343394,True
902,Tomato___Tomato_Yellow_Leaf_Curl_Virus,Soybean___healthy,0.30302015,False
903,Tomato___Tomato_Yellow_Leaf_Curl_Virus,Tomato___Tomato_Yellow_Leaf_Curl_Virus,0.7410569,True
904,Apple___healthy,Soybean___healthy,0.5627963,False
905,Apple___healthy,Apple___healthy,0.55949897,True
906,Orange___Haunglongbing_(Citrus_greening),Orange___Haunglongbing_(Citrus_greening),0.9999999,True
907,Tomato___Bacterial_spot,Tomato___Bacterial_spot,0.9315555,True
908,Tomato___healthy,Tomato___healthy,0.5559388,True
909,Orange___Haunglongbing_(Citrus_greening),Orange___Haunglongbing_(Citrus_greening),0.99858606,True
910,Tomato___Target_Spot,Tomato___Target_Spot,0.47577858,True
911,Strawberry___Leaf_scorch,Strawberry___Leaf_scorch,0.99813914,True
912,Orange___Haunglongbing_(Citrus_greening),Orange___Haunglongbing_(Citrus_greening),0.9997942,True
913,Squash___Powdery_mildew,Squash___Powdery_mildew,0.8661883,True
914,Tomato___Septoria_leaf_spot,Potato___Early_blight,0.9422118,False
915,Potato___Late_blight,Potato___Early_blight,0.95168483,False
916,Strawberry___Leaf_scorch,Strawberry___Leaf_scorch,0.98764986,True
917,Corn_(maize)___healthy,Corn_(maize)___healthy,0.9785388,True
918,Soybean___healthy,Soybean___healthy,0.99966705,True
919,Tomato___Spider_mites Two-spotted_spider_mite,Soybean___healthy,0.3044137,False
920,Grape___Esca_(Black_Measles),Strawberry___Leaf_scorch,0.7913658,False
921,Corn_(maize)___Common_rust_,Corn_(maize)___Common_rust_,0.8455275,True
922,"Pepper,_bell___healthy","Pepper,_bell___healthy",0.9918609,True
923,Grape___Esca_(Black_Measles),Grape___Esca_(Black_Measles),0.9363754,True
924,Tomato___Tomato_Yellow_Leaf_Curl_Virus,Tomato___Tomato_Yellow_Leaf_Curl_Virus,0.5930821,True
925,Corn_(maize)___Cercospora_leaf_spot Gray_leaf_spot,Corn_(maize)___Northern_Leaf_Blight,0.86349404,False
926,Peach___healthy,Peach___healthy,0.5334424,True
927,"Pepper,_bell___healthy",Soybean___healthy,0.5860497,False
928,Corn_(maize)___healthy,Corn_(maize)___healthy,0.99614185,True
929,Peach___Bacterial_spot,Peach___Bacterial_spot,0.7252671,True
930,Blueberry___healthy,Blueberry___healthy,0.88851386,True
931,Tomato___Bacterial_spot,Tomato___Bacterial_spot,0.94362813,True
932,Corn_(maize)___healthy,Corn_(maize)___healthy,0.9949739,True
933,Soybean___healthy,Soybean___healthy,0.99878114,True
934,Tomato___Tomato_Yellow_Leaf_Curl_Virus,Tomato___Tomato_Yellow_Leaf_Curl_Virus,0.9994562,True
935,"Pepper,_bell___Bacterial_spot","Pepper,_bell___Bacterial_spot",0.4881211,True
936,Tomato___Tomato_Yellow_Leaf_Curl_Virus,Tomato___Tomato_Yellow_Leaf_Curl_Virus,0.9984925,True
937,Orange___Haunglongbing_(Citrus_greening),Orange___Haunglongbing_(Citrus_greening),0.9999778,True
938,Corn_(maize)___healthy,Corn_(maize)___healthy,0.9512674,True
939,Soybean___healthy,Soybean___healthy,0.99714845,True
940,Strawberry___Leaf_scorch,Strawberry___Leaf_scorch,0.95470107,True
941,Blueberry___healthy,Blueberry___healthy,0.766197,True
942,Soybean___healthy,Soybean___healthy,0.99997056,True
943,Soybean___healthy,Soybean___healthy,0.99970883,True
944,Soybean___healthy,Soybean___healthy,0.9991366,True
945,Corn_(maize)___Northern_Leaf_Blight,Corn_(maize)___Northern_Leaf_Blight,0.9146334,True
946,Grape___Esca_(Black_Measles),Grape___Esca_(Black_Measles),0.8837636,True
947,Corn_(maize)___Common_rust_,Corn_(maize)___Common_rust_,0.99607533,True
948,Blueberry___healthy,Blueberry___healthy,0.9634305,True
949,Apple___healthy,Soybean___healthy,0.90302557,False
950,Tomato___Target_Spot,Tomato___Target_Spot,0.44009736,True
951,Orange___Haunglongbing_(Citrus_greening),Orange___Haunglongbing_(Citrus_greening),0.9999937,True
952,Tomato___Tomato_Yellow_Leaf_Curl_Virus,Tomato___Tomato_Yellow_Leaf_Curl_Virus,0.9950995,True
953,Grape___Leaf_blight_(Isariopsis_Leaf_Spot),Grape___Leaf_blight_(Isariopsis_Leaf_Spot),0.8068747,True
954,Grape___Black_rot,Grape___Black_rot,0.9774531,True
955,Tomato___Tomato_Yellow_Leaf_Curl_Virus,Tomato___Late_blight,0.928349,False
956,Orange___Haunglongbing_(Citrus_greening),Orange___Haunglongbing_(Citrus_greening),0.99597955,True
957,Soybean___healthy,Soybean___healthy,0.65590155,True
958,Tomato___Leaf_Mold,Tomato___Late_blight,0.3224543,False
959,Blueberry___healthy,Blueberry___healthy,0.9900692,True
960,Tomato___Tomato_Yellow_Leaf_Curl_Virus,Tomato___Tomato_Yellow_Leaf_Curl_Virus,0.97617775,True
961,Orange___Haunglongbing_(Citrus_greening),Orange___Haunglongbing_(Citrus_greening),0.99997914,True
962,Tomato___Bacterial_spot,Potato___Early_blight,0.6132021,False
963,Cherry_(including_sour)___Powdery_mildew,Cherry_(including_sour)___Powdery_mildew,0.9878999,True
964,Soybean___healthy,Soybean___healthy,0.9999126,True
965,Orange___Haunglongbing_(Citrus_greening),Orange___Haunglongbing_(Citrus_greening),0.99998975,True
966,Tomato___Tomato_Yellow_Leaf_Curl_Virus,Tomato___Tomato_Yellow_Leaf_Curl_Virus,0.997886,True
967,Cherry_(including_sour)___Powdery_mildew,Cherry_(including_sour)___Powdery_mildew,0.99970835,True
968,Apple___Apple_scab,Apple___healthy,0.52651143,False
969,Tomato___Tomato_Yellow_Leaf_Curl_Virus,Tomato___Tomato_Yellow_Leaf_Curl_Virus,0.9056599,True
970,Cherry_(including_sour)___Powdery_mildew,Cherry_(including_sour)___Powdery_mildew,0.99902725,True
971,Tomato___Septoria_leaf_spot,Grape___Leaf_blight_(Isariopsis_Leaf_Spot),0.7195663,False
972,Blueberry___healthy,Blueberry___healthy,0.6185382,True
973,Tomato___healthy,Tomato___healthy,0.9041348,True
974,Tomato___Spider_mites Two-spotted_spider_mite,Tomato___Spider_mites Two-spotted_spider_mite,0.70090127,True
975,Orange___Haunglongbing_(Citrus_greening),Orange___Haunglongbing_(Citrus_greening),0.9999924,True
976,Peach___Bacterial_spot,Peach___Bacterial_spot,0.8468072,True
977,Orange___Haunglongbing_(Citrus_greening),Orange___Haunglongbing_(Citrus_greening),0.9996977,True
978,Squash___Powdery_mildew,Squash___Powdery_mildew,0.99751794,True
979,Tomato___Bacterial_spot,Soybean___healthy,0.7357196,False
980,Apple___healthy,Soybean___healthy,0.8923208,False
981,Tomato___Septoria_leaf_spot,Tomato___Septoria_leaf_spot,0.81905544,True
982,Cherry_(including_sour)___Powdery_mildew,Cherry_(including_sour)___Powdery_mildew,0.99811256,True
983,Orange___Haunglongbing_(Citrus_greening),Orange___Haunglongbing_(Citrus_greening),0.9967573,True
984,Soybean___healthy,Soybean___healthy,0.9963703,True
985,Tomato___Tomato_Yellow_Leaf_Curl_Virus,Tomato___Tomato_Yellow_Leaf_Curl_Virus,0.98324364,True
986,Peach___Bacterial_spot,Peach___Bacterial_spot,0.99981445,True
987,"Pepper,_bell___Bacterial_spot",Potato___Early_blight,0.7422053,False
988,Apple___healthy,Apple___healthy,0.5769856,True
989,Tomato___Early_blight,Tomato___Early_blight,0.29249495,True
990,Tomato___Bacterial_spot,Tomato___Bacterial_spot,0.7277818,True
991,Tomato___healthy,Tomato___healthy,0.8589405,True
992,Corn_(maize)___Common_rust_,Corn_(maize)___Common_rust_,0.97778714,True
993,Tomato___Late_blight,Tomato___Target_Spot,0.581746,False
994,Potato___Early_blight,Potato___Early_blight,0.9861602,True
995,Tomato___Spider_mites Two-spotted_spider_mite,Tomato___Spider_mites Two-spotted_spider_mite,0.66624445,True
996,"Pepper,_bell___healthy","Pepper,_bell___healthy",0.9928343,True
997,Corn_(maize)___Northern_Leaf_Blight,Corn_(maize)___Northern_Leaf_Blight,0.90653557,True
998,Grape___Esca_(Black_Measles),Grape___Esca_(Black_Measles),0.98816305,True
999,Blueberry___healthy,Blueberry___healthy,0.99510515,True
