filepath,filename,extension,file_size,label,width,height,mode,num_channels,aspect_ratio,is_image_valid,is_black,is_na,hash,is_duplicate_after_first,species,disease,is_augmented
/Users/mackjb/repository/datasciencetest_reco_plante-1/dataset/plantvillage/clean_images/Strawberry___healthy/00532378-bfb2-4d3b-8b19-903ecc085624___RS_HL 2021_final_masked.png,00532378-bfb2-4d3b-8b19-903ecc085624___RS_HL 2021_final_masked.png,png,86162,Strawberry___healthy,256,256,RGB,3,1.0,True,False,False,e01cb878d30a98272a28d6f8639bfad5,False,Strawberry,healthy,False
/Users/mackjb/repository/datasciencetest_reco_plante-1/dataset/plantvillage/clean_images/Strawberry___healthy/02808b3e-ae88-4259-9b2c-f9096db336e4___RS_HL 1827_final_masked.png,02808b3e-ae88-4259-9b2c-f9096db336e4___RS_HL 1827_final_masked.png,png,82311,Strawberry___healthy,256,256,RGB,3,1.0,True,False,False,24c213cda3b88ad20f1a92c4b129588a,False,Strawberry,healthy,False
/Users/mackjb/repository/datasciencetest_reco_plante-1/dataset/plantvillage/clean_images/Strawberry___healthy/01e591c9-e3e7-4edc-8211-13081f4d5e7a___RS_HL 1979_final_masked.png,01e591c9-e3e7-4edc-8211-13081f4d5e7a___RS_HL 1979_final_masked.png,png,75641,Strawberry___healthy,256,256,RGB,3,1.0,True,False,False,27be47857cebd12056f088322357f4be,False,Strawberry,healthy,False
/Users/mackjb/repository/datasciencetest_reco_plante-1/dataset/plantvillage/clean_images/Strawberry___healthy/00e9a277-ca5e-4350-95ce-8b2918b69fb9___RS_HL 4667_final_masked.png,00e9a277-ca5e-4350-95ce-8b2918b69fb9___RS_HL 4667_final_masked.png,png,93014,Strawberry___healthy,256,256,RGB,3,1.0,True,False,False,b227c6435deb5e9f7c42f2ef777859d1,False,Strawberry,healthy,False
/Users/mackjb/repository/datasciencetest_reco_plante-1/dataset/plantvillage/clean_images/Strawberry___healthy/00166615-5e7b-4318-8957-5e50df335ee8___RS_HL 1785_final_masked.png,00166615-5e7b-4318-8957-5e50df335ee8___RS_HL 1785_final_masked.png,png,77047,Strawberry___healthy,256,256,RGB,3,1.0,True,False,False,ff5f78160ab325ec148660376a2df157,False,Strawberry,healthy,False
/Users/mackjb/repository/datasciencetest_reco_plante-1/dataset/plantvillage/clean_images/Grape___Black_rot/003d09ef-e16c-4e8a-badf-847d46cb3dc0___FAM_B.Rot 3184_final_masked.png,003d09ef-e16c-4e8a-badf-847d46cb3dc0___FAM_B.Rot 3184_final_masked.png,png,82324,Grape___Black_rot,256,256,RGB,3,1.0,True,False,False,25a82007488980d02bfb3bc819dfefbc,False,Grape,Black_rot,False
/Users/mackjb/repository/datasciencetest_reco_plante-1/dataset/plantvillage/clean_images/Grape___Black_rot/006efc68-9e46-4168-921c-10ef8065702c___FAM_B.Rot 3470_final_masked.png,006efc68-9e46-4168-921c-10ef8065702c___FAM_B.Rot 3470_final_masked.png,png,72586,Grape___Black_rot,256,256,RGB,3,1.0,True,False,False,96175df0039be82911534c2a69100dfb,False,Grape,Black_rot,False
/Users/mackjb/repository/datasciencetest_reco_plante-1/dataset/plantvillage/clean_images/Potato___Early_blight/001187a0-57ab-4329-baff-e7246a9edeb0___RS_Early.B 8178_final_masked.png,001187a0-57ab-4329-baff-e7246a9edeb0___RS_Early.B 8178_final_masked.png,png,94483,Potato___Early_blight,256,256,RGB,3,1.0,True,False,False,27a698df85c9b0f1ce49f473c829e572,False,Potato,Early_blight,False
/Users/mackjb/repository/datasciencetest_reco_plante-1/dataset/plantvillage/clean_images/Potato___Early_blight/0182e991-97f0-4805-a1f7-6e1b4306d518___RS_Early.B 7015_final_masked.png,0182e991-97f0-4805-a1f7-6e1b4306d518___RS_Early.B 7015_final_masked.png,png,82047,Potato___Early_blight,256,256,RGB,3,1.0,True,False,False,b3c5bbb81b056d208271797b70e09512,False,Potato,Early_blight,False
/Users/mackjb/repository/datasciencetest_reco_plante-1/dataset/plantvillage/clean_images/Potato___Early_blight/00d8f10f-5038-4e0f-bb58-0b885ddc0cc5___RS_Early.B 8722_final_masked.png,00d8f10f-5038-4e0f-bb58-0b885ddc0cc5___RS_Early.B 8722_final_masked.png,png,93693,Potato___Early_blight,256,256,RGB,3,1.0,True,False,False,7d928a95cbe0fe822b93390c89f846b9,False,Potato,Early_blight,False
/Users/mackjb/repository/datasciencetest_reco_plante-1/dataset/plantvillage/clean_images/Potato___Early_blight/009c8c31-f22d-4ffd-8f16-189c6f06c577___RS_Early.B 7885_final_masked.png,009c8c31-f22d-4ffd-8f16-189c6f06c577___RS_Early.B 7885_final_masked.png,png,89725,Potato___Early_blight,256,256,RGB,3,1.0,True,False,False,fae8118f8d60cf401051c55308a55fa5,False,Potato,Early_blight,False
/Users/mackjb/repository/datasciencetest_reco_plante-1/dataset/plantvillage/clean_images/Potato___Early_blight/002a55fb-7a3d-4a3a-aca8-ce2d5ebc6925___RS_Early.B 8170_final_masked.png,002a55fb-7a3d-4a3a-aca8-ce2d5ebc6925___RS_Early.B 8170_final_masked.png,png,83195,Potato___Early_blight,256,256,RGB,3,1.0,True,False,False,5c1de64e22395b68a94fbb12ddceefc4,False,Potato,Early_blight,False
/Users/mackjb/repository/datasciencetest_reco_plante-1/dataset/plantvillage/clean_images/Blueberry___healthy/011405e4-a92a-44b6-9f04-10fec28d93f5___RS_HL 2311_final_masked.png,011405e4-a92a-44b6-9f04-10fec28d93f5___RS_HL 2311_final_masked.png,png,54772,Blueberry___healthy,256,256,RGB,3,1.0,True,False,False,57b11efcc7a8cab68f863e0ed4bdc9f9,False,Blueberry,healthy,False
/Users/mackjb/repository/datasciencetest_reco_plante-1/dataset/plantvillage/clean_images/Blueberry___healthy/008c85d0-a954-4127-bd26-861dc8a1e6ff___RS_HL 2431_final_masked.png,008c85d0-a954-4127-bd26-861dc8a1e6ff___RS_HL 2431_final_masked.png,png,43346,Blueberry___healthy,256,256,RGB,3,1.0,True,False,False,bd905fa9b1e86287d85421f5363914ea,False,Blueberry,healthy,False
/Users/mackjb/repository/datasciencetest_reco_plante-1/dataset/plantvillage/clean_images/Blueberry___healthy/00fee259-67b7-4dd7-8b36-12503bbdba14___RS_HL 2681_final_masked.png,00fee259-67b7-4dd7-8b36-12503bbdba14___RS_HL 2681_final_masked.png,png,51456,Blueberry___healthy,256,256,RGB,3,1.0,True,False,False,1c2666abdd8d126293e4216ecae41eca,False,Blueberry,healthy,False
/Users/mackjb/repository/datasciencetest_reco_plante-1/dataset/plantvillage/clean_images/Blueberry___healthy/0137389a-9b78-4a94-afdb-c2b50861f89c___RS_HL 2347_final_masked.png,0137389a-9b78-4a94-afdb-c2b50861f89c___RS_HL 2347_final_masked.png,png,39863,Blueberry___healthy,256,256,RGB,3,1.0,True,False,False,0aeb94f4f33bbd24d185a09712e4c266,False,Blueberry,healthy,False
/Users/mackjb/repository/datasciencetest_reco_plante-1/dataset/plantvillage/clean_images/Blueberry___healthy/013ffdc5-cbd1-4202-b0f1-8fd7c1ffc0b8___RS_HL 5120_final_masked.png,013ffdc5-cbd1-4202-b0f1-8fd7c1ffc0b8___RS_HL 5120_final_masked.png,png,53996,Blueberry___healthy,256,256,RGB,3,1.0,True,False,False,65cbfe6d7940c002991bbe42bd5d2edb,False,Blueberry,healthy,False
/Users/mackjb/repository/datasciencetest_reco_plante-1/dataset/plantvillage/clean_images/Corn_(maize)___healthy/00665f92-adb0-41eb-bba7-9eeadecfe10e___R.S_HL 8325 copy 2_final_masked.png,00665f92-adb0-41eb-bba7-9eeadecfe10e___R.S_HL 8325 copy 2_final_masked.png,png,105535,Corn_(maize)___healthy,256,256,RGB,3,1.0,True,False,False,8079822c7fa38a5e98b2ff49f7a5fb74,False,Corn_(maize),healthy,False
/Users/mackjb/repository/datasciencetest_reco_plante-1/dataset/plantvillage/clean_images/Corn_(maize)___healthy/026bd735-b9f4-4eab-86f3-23df15dbec95___R.S_HL 7938 copy_final_masked.png,026bd735-b9f4-4eab-86f3-23df15dbec95___R.S_HL 7938 copy_final_masked.png,png,106248,Corn_(maize)___healthy,256,256,RGB,3,1.0,True,False,False,c725eb8aa4a492c13011b9b63af36ac5,False,Corn_(maize),healthy,False
/Users/mackjb/repository/datasciencetest_reco_plante-1/dataset/plantvillage/clean_images/Corn_(maize)___healthy/00031d74-076e-4aef-b040-e068cd3576eb___R.S_HL 8315 copy 2_final_masked.png,00031d74-076e-4aef-b040-e068cd3576eb___R.S_HL 8315 copy 2_final_masked.png,png,69800,Corn_(maize)___healthy,256,256,RGB,3,1.0,True,False,False,fc868388540e98601713b05270d42b57,False,Corn_(maize),healthy,False
/Users/mackjb/repository/datasciencetest_reco_plante-1/dataset/plantvillage/clean_images/Corn_(maize)___healthy/01c3bf88-d315-42a3-8fa1-fc80a05c97f1___R.S_HL 8189 copy_final_masked.png,01c3bf88-d315-42a3-8fa1-fc80a05c97f1___R.S_HL 8189 copy_final_masked.png,png,60899,Corn_(maize)___healthy,256,256,RGB,3,1.0,True,False,False,4ae4fb12ffb13ba14974558c4e8b7ae6,False,Corn_(maize),healthy,False
/Users/mackjb/repository/datasciencetest_reco_plante-1/dataset/plantvillage/clean_images/Corn_(maize)___healthy/028ed539-32f5-4540-a6af-466179837de9___R.S_HL 8212 copy_final_masked.png,028ed539-32f5-4540-a6af-466179837de9___R.S_HL 8212 copy_final_masked.png,png,110071,Corn_(maize)___healthy,256,256,RGB,3,1.0,True,False,False,691f60c6b22bd8b886aca72c5f9f9e5d,False,Corn_(maize),healthy,False
/Users/mackjb/repository/datasciencetest_reco_plante-1/dataset/plantvillage/clean_images/Tomato___Target_Spot/007ec913-8cfe-43ed-b458-f041a17266ae___Com.G_TgS_FL 9844_final_masked.png,007ec913-8cfe-43ed-b458-f041a17266ae___Com.G_TgS_FL 9844_final_masked.png,png,60374,Tomato___Target_Spot,256,256,RGB,3,1.0,True,False,False,7a2cabd0385122342d0d690d878490dd,False,Tomato,Target_Spot,False
/Users/mackjb/repository/datasciencetest_reco_plante-1/dataset/plantvillage/clean_images/Tomato___Target_Spot/0044d10f-7062-4655-8abd-9fffc5b2f152___Com.G_TgS_FL 7908_final_masked.png,0044d10f-7062-4655-8abd-9fffc5b2f152___Com.G_TgS_FL 7908_final_masked.png,png,64907,Tomato___Target_Spot,256,256,RGB,3,1.0,True,False,False,b78377970842cc028bc01b1b0cc59a13,False,Tomato,Target_Spot,False
/Users/mackjb/repository/datasciencetest_reco_plante-1/dataset/plantvillage/clean_images/Tomato___Target_Spot/00854623-ba28-446d-a1d5-03c0ae3f99d9___Com.G_TgS_FL 7949_final_masked.png,00854623-ba28-446d-a1d5-03c0ae3f99d9___Com.G_TgS_FL 7949_final_masked.png,png,64238,Tomato___Target_Spot,256,256,RGB,3,1.0,True,False,False,b225e939d770d8f9f883bbc83d06404f,False,Tomato,Target_Spot,False
/Users/mackjb/repository/datasciencetest_reco_plante-1/dataset/plantvillage/clean_images/Tomato___Target_Spot/002213fb-b620-4593-b9ac-6a6cc119b100___Com.G_TgS_FL 8360_final_masked.png,002213fb-b620-4593-b9ac-6a6cc119b100___Com.G_TgS_FL 8360_final_masked.png,png,62274,Tomato___Target_Spot,256,256,RGB,3,1.0,True,False,False,73f2681322bfde85b8a6d08cc79a38a0,False,Tomato,Target_Spot,False
/Users/mackjb/repository/datasciencetest_reco_plante-1/dataset/plantvillage/clean_images/Tomato___Target_Spot/003a5321-0430-42dd-a38d-30ac4563f4ba___Com.G_TgS_FL 8121_final_masked.png,003a5321-0430-42dd-a38d-30ac4563f4ba___Com.G_TgS_FL 8121_final_masked.png,png,56248,Tomato___Target_Spot,256,256,RGB,3,1.0,True,False,False,96315e135b7331ec1353bd274503e9a9,False,Tomato,Target_Spot,False
/Users/mackjb/repository/datasciencetest_reco_plante-1/dataset/plantvillage/clean_images/Peach___healthy/026aa11e-3f67-4951-9533-3c6ceb4c3d59___Rutg._HL 2494_final_masked.png,026aa11e-3f67-4951-9533-3c6ceb4c3d59___Rutg._HL 2494_final_masked.png,png,40299,Peach___healthy,256,256,RGB,3,1.0,True,False,False,f9c39cfe4361b81c0bd6bb9ea27faae3,False,Peach,healthy,False
/Users/mackjb/repository/datasciencetest_reco_plante-1/dataset/plantvillage/clean_images/Peach___healthy/02e47796-808b-449e-bbba-f6e0262fa589___Rutg._HL 3714_final_masked.png,02e47796-808b-449e-bbba-f6e0262fa589___Rutg._HL 3714_final_masked.png,png,42535,Peach___healthy,256,256,RGB,3,1.0,True,False,False,7c4871608ee887d8ec91171cc8a28499,False,Peach,healthy,False
/Users/mackjb/repository/datasciencetest_reco_plante-1/dataset/plantvillage/clean_images/Peach___healthy/02070622-2fd7-40d5-9470-27e513ea8a90___Rutg._HL 3636_final_masked.png,02070622-2fd7-40d5-9470-27e513ea8a90___Rutg._HL 3636_final_masked.png,png,40153,Peach___healthy,256,256,RGB,3,1.0,True,False,False,b7ce07aa9a7708a88708a22d81aa2146,False,Peach,healthy,False
/Users/mackjb/repository/datasciencetest_reco_plante-1/dataset/plantvillage/clean_images/Peach___healthy/017d3d86-12bf-4280-8929-10dcd504ac46___Rutg._HL 3671_final_masked.png,017d3d86-12bf-4280-8929-10dcd504ac46___Rutg._HL 3671_final_masked.png,png,39573,Peach___healthy,256,256,RGB,3,1.0,True,False,False,7bfa966f61f75ec2c322f004361bfecd,False,Peach,healthy,False
/Users/mackjb/repository/datasciencetest_reco_plante-1/dataset/plantvillage/clean_images/Peach___healthy/027b10e5-2d2e-4eb4-9457-7cb45ab2fd17___Rutg._HL 3710_final_masked.png,027b10e5-2d2e-4eb4-9457-7cb45ab2fd17___Rutg._HL 3710_final_masked.png,png,33585,Peach___healthy,256,256,RGB,3,1.0,True,False,False,943e7ad83b97dbd7090569f4bc436e6c,False,Peach,healthy,False
/Users/mackjb/repository/datasciencetest_reco_plante-1/dataset/plantvillage/clean_images/Potato___Late_blight/0051e5e8-d1c4-4a84-bf3a-a426cdad6285___RS_LB 4640_final_masked.png,0051e5e8-d1c4-4a84-bf3a-a426cdad6285___RS_LB 4640_final_masked.png,png,52612,Potato___Late_blight,256,256,RGB,3,1.0,True,False,False,eb518a96aea25f24192a73a1470f07b2,False,Potato,Late_blight,False
/Users/mackjb/repository/datasciencetest_reco_plante-1/dataset/plantvillage/clean_images/Potato___Late_blight/0085ef03-aec3-431a-99a1-de286e10c0cf___RS_LB 2949_final_masked.png,0085ef03-aec3-431a-99a1-de286e10c0cf___RS_LB 2949_final_masked.png,png,68918,Potato___Late_blight,256,256,RGB,3,1.0,True,False,False,0d5131483be023238c9d3a16ba44e553,False,Potato,Late_blight,False
/Users/mackjb/repository/datasciencetest_reco_plante-1/dataset/plantvillage/clean_images/Potato___Late_blight/006cc01a-1888-4326-9b62-a65cb55a6377___RS_LB 5207_final_masked.png,006cc01a-1888-4326-9b62-a65cb55a6377___RS_LB 5207_final_masked.png,png,69138,Potato___Late_blight,256,256,RGB,3,1.0,True,False,False,1ca9673c77c17561958bd7c3493288ba,False,Potato,Late_blight,False
/Users/mackjb/repository/datasciencetest_reco_plante-1/dataset/plantvillage/clean_images/Potato___Late_blight/00695906-210d-4a9d-822e-986a17384115___RS_LB 4026_final_masked.png,00695906-210d-4a9d-822e-986a17384115___RS_LB 4026_final_masked.png,png,60938,Potato___Late_blight,256,256,RGB,3,1.0,True,False,False,30d59b1e3a0fabc302f0d26eedf7bb3d,False,Potato,Late_blight,False
/Users/mackjb/repository/datasciencetest_reco_plante-1/dataset/plantvillage/clean_images/Potato___Late_blight/00b1f292-23dd-44d4-aad3-c1ffb6a6ad5a___RS_LB 4479_final_masked.png,00b1f292-23dd-44d4-aad3-c1ffb6a6ad5a___RS_LB 4479_final_masked.png,png,66528,Potato___Late_blight,256,256,RGB,3,1.0,True,False,False,413e23746f5a66ca3832b69b1956f807,False,Potato,Late_blight,False
/Users/mackjb/repository/datasciencetest_reco_plante-1/dataset/plantvillage/clean_images/Tomato___Late_blight/008ebb44-eb77-4843-b621-4b88b5df7d43___RS_Late.B 5188_final_masked.png,008ebb44-eb77-4843-b621-4b88b5df7d43___RS_Late.B 5188_final_masked.png,png,63432,Tomato___Late_blight,256,256,RGB,3,1.0,True,False,False,995177e17d741eae53968548f912f182,False,Tomato,Late_blight,False
/Users/mackjb/repository/datasciencetest_reco_plante-1/dataset/plantvillage/clean_images/Tomato___Late_blight/0003faa8-4b27-4c65-bf42-6d9e352ca1a5___RS_Late.B 4946_final_masked.png,0003faa8-4b27-4c65-bf42-6d9e352ca1a5___RS_Late.B 4946_final_masked.png,png,56007,Tomato___Late_blight,256,256,RGB,3,1.0,True,False,False,72644e8f68156bf22f5761840da04657,False,Tomato,Late_blight,False
/Users/mackjb/repository/datasciencetest_reco_plante-1/dataset/plantvillage/clean_images/Tomato___Late_blight/00355ec2-f12c-4015-b8f9-94354f69ce22___RS_Late.B 5311_final_masked.png,00355ec2-f12c-4015-b8f9-94354f69ce22___RS_Late.B 5311_final_masked.png,png,80457,Tomato___Late_blight,256,256,RGB,3,1.0,True,False,False,05a86b06e42d4e79ad9b4282cd3c9599,False,Tomato,Late_blight,False
/Users/mackjb/repository/datasciencetest_reco_plante-1/dataset/plantvillage/clean_images/Tomato___Late_blight/005a2c1f-4e15-49e4-9e5c-61dc3ecf9708___RS_Late.B 5096_final_masked.png,005a2c1f-4e15-49e4-9e5c-61dc3ecf9708___RS_Late.B 5096_final_masked.png,png,72000,Tomato___Late_blight,256,256,RGB,3,1.0,True,False,False,565daca6af85b43c0eee0f5805416dd1,False,Tomato,Late_blight,False
/Users/mackjb/repository/datasciencetest_reco_plante-1/dataset/plantvillage/clean_images/Tomato___Late_blight/005e3b43-9050-47da-9498-f9ecdcc703b3___RS_Late.B 5104_final_masked.png,005e3b43-9050-47da-9498-f9ecdcc703b3___RS_Late.B 5104_final_masked.png,png,70533,Tomato___Late_blight,256,256,RGB,3,1.0,True,False,False,fbfb9a7157557ded0f0a1bd26ff6ad72,False,Tomato,Late_blight,False
/Users/mackjb/repository/datasciencetest_reco_plante-1/dataset/plantvillage/clean_images/Tomato___Tomato_mosaic_virus/00c07a77-15e6-4815-92d4-8d1e1afb7f3c___PSU_CG 2052_final_masked.png,00c07a77-15e6-4815-92d4-8d1e1afb7f3c___PSU_CG 2052_final_masked.png,png,50842,Tomato___Tomato_mosaic_virus,256,256,RGB,3,1.0,True,False,False,dc563d76b57f7a5983e5d3675829ed6c,False,Tomato,Tomato_mosaic_virus,False
/Users/mackjb/repository/datasciencetest_reco_plante-1/dataset/plantvillage/clean_images/Tomato___Tomato_mosaic_virus/000ec6ea-9063-4c33-8abe-d58ca8a88878___PSU_CG 2169_final_masked.png,000ec6ea-9063-4c33-8abe-d58ca8a88878___PSU_CG 2169_final_masked.png,png,39657,Tomato___Tomato_mosaic_virus,256,256,RGB,3,1.0,True,False,False,d139b13652da28bf3b7b8754c3d6b3ed,False,Tomato,Tomato_mosaic_virus,False
"/Users/mackjb/repository/datasciencetest_reco_plante-1/dataset/plantvillage/clean_images/Pepper,_bell___healthy/00208a93-7687-4e8c-b79e-3138687e0f38___JR_HL 7955_final_masked.png",00208a93-7687-4e8c-b79e-3138687e0f38___JR_HL 7955_final_masked.png,png,60969,"Pepper,_bell___healthy",256,256,RGB,3,1.0,True,False,False,84488e53f6cd305a58ae5a8cd054d083,False,"Pepper,_bell",healthy,False
"/Users/mackjb/repository/datasciencetest_reco_plante-1/dataset/plantvillage/clean_images/Pepper,_bell___healthy/00726ad4-2569-46ce-9d4e-dbf82b14bd94___JR_HL 8686_final_masked.png",00726ad4-2569-46ce-9d4e-dbf82b14bd94___JR_HL 8686_final_masked.png,png,74175,"Pepper,_bell___healthy",256,256,RGB,3,1.0,True,False,False,31bdb798815c9543f80563e67a381bb7,False,"Pepper,_bell",healthy,False
"/Users/mackjb/repository/datasciencetest_reco_plante-1/dataset/plantvillage/clean_images/Pepper,_bell___healthy/0119205b-cfac-4322-be37-dcc401fcfa11___JR_HL 8527_final_masked.png",0119205b-cfac-4322-be37-dcc401fcfa11___JR_HL 8527_final_masked.png,png,75324,"Pepper,_bell___healthy",256,256,RGB,3,1.0,True,False,False,09fe9e826d558f91e5908a9b8aa88970,False,"Pepper,_bell",healthy,False
"/Users/mackjb/repository/datasciencetest_reco_plante-1/dataset/plantvillage/clean_images/Pepper,_bell___healthy/002f87b7-e1a5-49e5-a422-bb423630ded5___JR_HL 8068_final_masked.png",002f87b7-e1a5-49e5-a422-bb423630ded5___JR_HL 8068_final_masked.png,png,69487,"Pepper,_bell___healthy",256,256,RGB,3,1.0,True,False,False,7252bffaec4f9ba177d0d9d21a5d3a2f,False,"Pepper,_bell",healthy,False
"/Users/mackjb/repository/datasciencetest_reco_plante-1/dataset/plantvillage/clean_images/Pepper,_bell___healthy/00100ffa-095e-4881-aebf-61fe5af7226e___JR_HL 7886_final_masked.png",00100ffa-095e-4881-aebf-61fe5af7226e___JR_HL 7886_final_masked.png,png,77267,"Pepper,_bell___healthy",256,256,RGB,3,1.0,True,False,False,ce7fdf7ad3f716b713fa65256d9ed75b,False,"Pepper,_bell",healthy,False
/Users/mackjb/repository/datasciencetest_reco_plante-1/dataset/plantvillage/clean_images/Orange___Haunglongbing_(Citrus_greening)/00045d08-898c-40df-ada6-e7579637a1f9___UF.Citrus_HLB_Lab 1690_final_masked.png,00045d08-898c-40df-ada6-e7579637a1f9___UF.Citrus_HLB_Lab 1690_final_masked.png,png,50770,Orange___Haunglongbing_(Citrus_greening),256,256,RGB,3,1.0,True,False,False,f02eebe53dc6cb314583c8bce888cc23,False,Orange,Haunglongbing_(Citrus_greening),False
/Users/mackjb/repository/datasciencetest_reco_plante-1/dataset/plantvillage/clean_images/Orange___Haunglongbing_(Citrus_greening)/00543c40-4cd3-413a-a152-5ceeffea98a0___UF.Citrus_HLB_Lab 0440_final_masked.png,00543c40-4cd3-413a-a152-5ceeffea98a0___UF.Citrus_HLB_Lab 0440_final_masked.png,png,56796,Orange___Haunglongbing_(Citrus_greening),256,256,RGB,3,1.0,True,False,False,7a550da440200c0e012a43cefec9a9ee,False,Orange,Haunglongbing_(Citrus_greening),False
/Users/mackjb/repository/datasciencetest_reco_plante-1/dataset/plantvillage/clean_images/Orange___Haunglongbing_(Citrus_greening)/0051c200-bffe-4fa9-8518-594cd061d435___CREC_HLB 4835_final_masked.png,0051c200-bffe-4fa9-8518-594cd061d435___CREC_HLB 4835_final_masked.png,png,63898,Orange___Haunglongbing_(Citrus_greening),256,256,RGB,3,1.0,True,False,False,0e42b8b050fb3df155a660d9519e17d6,False,Orange,Haunglongbing_(Citrus_greening),False
/Users/mackjb/repository/datasciencetest_reco_plante-1/dataset/plantvillage/clean_images/Orange___Haunglongbing_(Citrus_greening)/000945ae-3cf5-48c2-86a2-a3f1e777f2c7___CREC_HLB 7640_final_masked.png,000945ae-3cf5-48c2-86a2-a3f1e777f2c7___CREC_HLB 7640_final_masked.png,png,64792,Orange___Haunglongbing_(Citrus_greening),256,256,RGB,3,1.0,True,False,False,f908d3d2565a77eac863cd62452515ef,False,Orange,Haunglongbing_(Citrus_greening),False
/Users/mackjb/repository/datasciencetest_reco_plante-1/dataset/plantvillage/clean_images/Orange___Haunglongbing_(Citrus_greening)/0022b959-3cf3-4e3a-9ed2-94623183c7fb___CREC_HLB 5510_final_masked.png,0022b959-3cf3-4e3a-9ed2-94623183c7fb___CREC_HLB 5510_final_masked.png,png,57081,Orange___Haunglongbing_(Citrus_greening),256,256,RGB,3,1.0,True,False,False,2b3ba527f8d7827a1127901e201467b0,False,Orange,Haunglongbing_(Citrus_greening),False
/Users/mackjb/repository/datasciencetest_reco_plante-1/dataset/plantvillage/clean_images/Tomato___Leaf_Mold/02415b3d-2ba8-4654-8398-a480ad901bbf___Crnl_L.Mold 8645_final_masked.png,02415b3d-2ba8-4654-8398-a480ad901bbf___Crnl_L.Mold 8645_final_masked.png,png,56313,Tomato___Leaf_Mold,256,256,RGB,3,1.0,True,False,False,b7e4ca852d74c5ace3fa4fc02d81159e,False,Tomato,Leaf_Mold,False
/Users/mackjb/repository/datasciencetest_reco_plante-1/dataset/plantvillage/clean_images/Tomato___Leaf_Mold/0160c3b5-d89e-40e5-a313-49ae1524040a___Crnl_L.Mold 6823_final_masked.png,0160c3b5-d89e-40e5-a313-49ae1524040a___Crnl_L.Mold 6823_final_masked.png,png,50017,Tomato___Leaf_Mold,256,256,RGB,3,1.0,True,False,False,c75db48762a2dcb4071d88153836b8f6,False,Tomato,Leaf_Mold,False
/Users/mackjb/repository/datasciencetest_reco_plante-1/dataset/plantvillage/clean_images/Tomato___Leaf_Mold/0185befe-f0b5-4848-9677-f33c2237f4e9___Crnl_L.Mold 8729_final_masked.png,0185befe-f0b5-4848-9677-f33c2237f4e9___Crnl_L.Mold 8729_final_masked.png,png,53018,Tomato___Leaf_Mold,256,256,RGB,3,1.0,True,False,False,89e4f82706f15452c7faa4b7a4b2b6ad,False,Tomato,Leaf_Mold,False
/Users/mackjb/repository/datasciencetest_reco_plante-1/dataset/plantvillage/clean_images/Tomato___Leaf_Mold/022a4dfb-84cc-45cb-81c5-a620817e31cb___Crnl_L.Mold 6926_final_masked.png,022a4dfb-84cc-45cb-81c5-a620817e31cb___Crnl_L.Mold 6926_final_masked.png,png,49152,Tomato___Leaf_Mold,256,256,RGB,3,1.0,True,False,False,40eef34973a55b40a50d8542cddcb56c,False,Tomato,Leaf_Mold,False
/Users/mackjb/repository/datasciencetest_reco_plante-1/dataset/plantvillage/clean_images/Tomato___Leaf_Mold/00694db7-3327-45e0-b4da-a8bb7ab6a4b7___Crnl_L.Mold 6923_final_masked.png,00694db7-3327-45e0-b4da-a8bb7ab6a4b7___Crnl_L.Mold 6923_final_masked.png,png,34363,Tomato___Leaf_Mold,256,256,RGB,3,1.0,True,False,False,58987ffdf35df648e851df792c4ddd39,False,Tomato,Leaf_Mold,False
/Users/mackjb/repository/datasciencetest_reco_plante-1/dataset/plantvillage/clean_images/Grape___Leaf_blight_(Isariopsis_Leaf_Spot)/0001aa74-bbd7-433b-a900-1dccab39d521___FAM_L.Blight 4508_final_masked.png,0001aa74-bbd7-433b-a900-1dccab39d521___FAM_L.Blight 4508_final_masked.png,png,92780,Grape___Leaf_blight_(Isariopsis_Leaf_Spot),256,256,RGB,3,1.0,True,False,False,401d554543daa8d37241326c4e40a013,False,Grape,Leaf_blight_(Isariopsis_Leaf_Spot),False
/Users/mackjb/repository/datasciencetest_reco_plante-1/dataset/plantvillage/clean_images/Grape___Leaf_blight_(Isariopsis_Leaf_Spot)/002e4d32-15cf-4350-bfba-dde7c8992392___FAM_L.Blight 4740_final_masked.png,002e4d32-15cf-4350-bfba-dde7c8992392___FAM_L.Blight 4740_final_masked.png,png,100292,Grape___Leaf_blight_(Isariopsis_Leaf_Spot),256,256,RGB,3,1.0,True,False,False,f32d115150160f10098208729d84a54e,False,Grape,Leaf_blight_(Isariopsis_Leaf_Spot),False
/Users/mackjb/repository/datasciencetest_reco_plante-1/dataset/plantvillage/clean_images/Grape___Leaf_blight_(Isariopsis_Leaf_Spot)/0012e1ee-fde3-478f-ab27-18648feb2b05___FAM_L.Blight 1647_final_masked.png,0012e1ee-fde3-478f-ab27-18648feb2b05___FAM_L.Blight 1647_final_masked.png,png,97075,Grape___Leaf_blight_(Isariopsis_Leaf_Spot),256,256,RGB,3,1.0,True,False,False,83a11a59074d8e2881e14cdb99867118,False,Grape,Leaf_blight_(Isariopsis_Leaf_Spot),False
/Users/mackjb/repository/datasciencetest_reco_plante-1/dataset/plantvillage/clean_images/Grape___Leaf_blight_(Isariopsis_Leaf_Spot)/00a962ad-573b-44b1-97ae-912a6bd6e0b0___FAM_L.Blight 1431_final_masked.png,00a962ad-573b-44b1-97ae-912a6bd6e0b0___FAM_L.Blight 1431_final_masked.png,png,76008,Grape___Leaf_blight_(Isariopsis_Leaf_Spot),256,256,RGB,3,1.0,True,False,False,ac73475fc71b06c69942e1a95a641a4d,False,Grape,Leaf_blight_(Isariopsis_Leaf_Spot),False
/Users/mackjb/repository/datasciencetest_reco_plante-1/dataset/plantvillage/clean_images/Grape___Leaf_blight_(Isariopsis_Leaf_Spot)/00ed3cc2-020b-499f-a951-d772dea3b154___FAM_L.Blight 4653_final_masked.png,00ed3cc2-020b-499f-a951-d772dea3b154___FAM_L.Blight 4653_final_masked.png,png,98605,Grape___Leaf_blight_(Isariopsis_Leaf_Spot),256,256,RGB,3,1.0,True,False,False,ed13447b0b0990bcc51cd0fdfe034579,False,Grape,Leaf_blight_(Isariopsis_Leaf_Spot),False
/Users/mackjb/repository/datasciencetest_reco_plante-1/dataset/plantvillage/clean_images/Cherry_(including_sour)___Powdery_mildew/00d12ac0-a293-47e0-a4c6-a80f37204c39___FREC_Pwd.M 4812_final_masked.png,00d12ac0-a293-47e0-a4c6-a80f37204c39___FREC_Pwd.M 4812_final_masked.png,png,48358,Cherry_(including_sour)___Powdery_mildew,256,256,RGB,3,1.0,True,False,False,f8c99e778be91ec30c06d1ec5c9a1f9c,False,Cherry_(including_sour),Powdery_mildew,False
/Users/mackjb/repository/datasciencetest_reco_plante-1/dataset/plantvillage/clean_images/Cherry_(including_sour)___Powdery_mildew/00705aa7-5ea2-4419-9440-8ba65e108eb9___FREC_Pwd.M 0267_final_masked.png,00705aa7-5ea2-4419-9440-8ba65e108eb9___FREC_Pwd.M 0267_final_masked.png,png,65488,Cherry_(including_sour)___Powdery_mildew,256,256,RGB,3,1.0,True,False,False,06c3c34fd109c03719615dbf0c55d9b5,False,Cherry_(including_sour),Powdery_mildew,False
/Users/mackjb/repository/datasciencetest_reco_plante-1/dataset/plantvillage/clean_images/Cherry_(including_sour)___Powdery_mildew/00b7df55-c789-43d6-a02e-a579ac9d07e6___FREC_Pwd.M 4748_final_masked.png,00b7df55-c789-43d6-a02e-a579ac9d07e6___FREC_Pwd.M 4748_final_masked.png,png,54409,Cherry_(including_sour)___Powdery_mildew,256,256,RGB,3,1.0,True,False,False,a1a1ecfb41d54a0e003572ad50a0f9fc,False,Cherry_(including_sour),Powdery_mildew,False
/Users/mackjb/repository/datasciencetest_reco_plante-1/dataset/plantvillage/clean_images/Cherry_(including_sour)___Powdery_mildew/00f8611c-0f2c-4f24-8241-d1748c8bb48f___FREC_Pwd.M 0479_final_masked.png,00f8611c-0f2c-4f24-8241-d1748c8bb48f___FREC_Pwd.M 0479_final_masked.png,png,59088,Cherry_(including_sour)___Powdery_mildew,256,256,RGB,3,1.0,True,False,False,d289470d8f415dd79e212128658ab919,False,Cherry_(including_sour),Powdery_mildew,False
/Users/mackjb/repository/datasciencetest_reco_plante-1/dataset/plantvillage/clean_images/Cherry_(including_sour)___Powdery_mildew/00e0a4ab-ecbd-4560-a71c-b19d86bb087c___FREC_Pwd.M 4917_final_masked.png,00e0a4ab-ecbd-4560-a71c-b19d86bb087c___FREC_Pwd.M 4917_final_masked.png,png,64931,Cherry_(including_sour)___Powdery_mildew,256,256,RGB,3,1.0,True,False,False,2fd556de25b31cd0f277d88ee69a5f52,False,Cherry_(including_sour),Powdery_mildew,False
/Users/mackjb/repository/datasciencetest_reco_plante-1/dataset/plantvillage/clean_images/Apple___Cedar_apple_rust/04da297e-5238-41b1-a8a0-0c87c6c2f21f___FREC_C.Rust 4394_final_masked.png,04da297e-5238-41b1-a8a0-0c87c6c2f21f___FREC_C.Rust 4394_final_masked.png,png,48891,Apple___Cedar_apple_rust,256,256,RGB,3,1.0,True,False,False,dee1e5fe1b348ccf205f215e18c08d4e,False,Apple,Cedar_apple_rust,False
/Users/mackjb/repository/datasciencetest_reco_plante-1/dataset/plantvillage/clean_images/Tomato___Bacterial_spot/00728f4d-83a0-49f1-87f8-374646fcda05___GCREC_Bact.Sp 6326_final_masked.png,00728f4d-83a0-49f1-87f8-374646fcda05___GCREC_Bact.Sp 6326_final_masked.png,png,72641,Tomato___Bacterial_spot,256,256,RGB,3,1.0,True,False,False,a97c2bc9511ded6d4f0eded9902f0848,False,Tomato,Bacterial_spot,False
/Users/mackjb/repository/datasciencetest_reco_plante-1/dataset/plantvillage/clean_images/Tomato___Bacterial_spot/00639d29-2d1a-4fcf-9bd3-a2b3109c74c4___UF.GRC_BS_Lab Leaf 1054_final_masked.png,00639d29-2d1a-4fcf-9bd3-a2b3109c74c4___UF.GRC_BS_Lab Leaf 1054_final_masked.png,png,59355,Tomato___Bacterial_spot,256,256,RGB,3,1.0,True,False,False,3137e5b1bc19c7b0129d2a98feb0a51c,False,Tomato,Bacterial_spot,False
/Users/mackjb/repository/datasciencetest_reco_plante-1/dataset/plantvillage/clean_images/Tomato___Bacterial_spot/0045ba29-ed1b-43b4-afde-719cc7adefdb___GCREC_Bact.Sp 6254_final_masked.png,0045ba29-ed1b-43b4-afde-719cc7adefdb___GCREC_Bact.Sp 6254_final_masked.png,png,65342,Tomato___Bacterial_spot,256,256,RGB,3,1.0,True,False,False,94a1a95ed91e97f9b7349c731d3fa641,False,Tomato,Bacterial_spot,False
/Users/mackjb/repository/datasciencetest_reco_plante-1/dataset/plantvillage/clean_images/Tomato___Bacterial_spot/00a7c269-3476-4d25-b744-44d6353cd921___GCREC_Bact.Sp 5807_final_masked.png,00a7c269-3476-4d25-b744-44d6353cd921___GCREC_Bact.Sp 5807_final_masked.png,png,66681,Tomato___Bacterial_spot,256,256,RGB,3,1.0,True,False,False,82373a886866ea7b7ee74f0e4fd8665f,False,Tomato,Bacterial_spot,False
/Users/mackjb/repository/datasciencetest_reco_plante-1/dataset/plantvillage/clean_images/Tomato___Bacterial_spot/00416648-be6e-4bd4-bc8d-82f43f8a7240___GCREC_Bact.Sp 3110_final_masked.png,00416648-be6e-4bd4-bc8d-82f43f8a7240___GCREC_Bact.Sp 3110_final_masked.png,png,56141,Tomato___Bacterial_spot,256,256,RGB,3,1.0,True,False,False,75371a352eb65adaf22e9f193c974dfe,False,Tomato,Bacterial_spot,False
/Users/mackjb/repository/datasciencetest_reco_plante-1/dataset/plantvillage/clean_images/Grape___healthy/0163a6aa-fbf8-47c5-965f-59b6efe8bfe5___Mt.N.V_HL 6103_final_masked.png,0163a6aa-fbf8-47c5-965f-59b6efe8bfe5___Mt.N.V_HL 6103_final_masked.png,png,66296,Grape___healthy,256,256,RGB,3,1.0,True,False,False,3f80dd6d821ce5d3c79427740b368bbd,False,Grape,healthy,False
/Users/mackjb/repository/datasciencetest_reco_plante-1/dataset/plantvillage/clean_images/Grape___healthy/03027791-26bb-4c46-960e-8df76e27042c___Mt.N.V_HL 6070_final_masked.png,03027791-26bb-4c46-960e-8df76e27042c___Mt.N.V_HL 6070_final_masked.png,png,57977,Grape___healthy,256,256,RGB,3,1.0,True,False,False,20c9d293cab739270fb7cf7f9a1516f8,False,Grape,healthy,False
/Users/mackjb/repository/datasciencetest_reco_plante-1/dataset/plantvillage/clean_images/Grape___healthy/02f95acb-5d92-4f2a-b7ec-3af8709ee7c9___Mt.N.V_HL 9078_final_masked.png,02f95acb-5d92-4f2a-b7ec-3af8709ee7c9___Mt.N.V_HL 9078_final_masked.png,png,83580,Grape___healthy,256,256,RGB,3,1.0,True,False,False,bf28c512485784ec587dae526687d2d8,False,Grape,healthy,False
/Users/mackjb/repository/datasciencetest_reco_plante-1/dataset/plantvillage/clean_images/Grape___healthy/00e00912-bf75-4cf8-8b7d-ad64b73bea5f___Mt.N.V_HL 6067_final_masked.png,00e00912-bf75-4cf8-8b7d-ad64b73bea5f___Mt.N.V_HL 6067_final_masked.png,png,70706,Grape___healthy,256,256,RGB,3,1.0,True,False,False,93bc09ca9447cca3fe8a19b9676ea1ae,False,Grape,healthy,False
/Users/mackjb/repository/datasciencetest_reco_plante-1/dataset/plantvillage/clean_images/Grape___healthy/0294ca65-4c29-44be-af28-501df9f715e8___Mt.N.V_HL 6176_final_masked.png,0294ca65-4c29-44be-af28-501df9f715e8___Mt.N.V_HL 6176_final_masked.png,png,85909,Grape___healthy,256,256,RGB,3,1.0,True,False,False,10cf2d098d015604e75b001ac40c209d,False,Grape,healthy,False
/Users/mackjb/repository/datasciencetest_reco_plante-1/dataset/plantvillage/clean_images/Tomato___Early_blight/004cbe60-8ff9-4965-92df-e86694d5e9ba___RS_Erly.B 8253_final_masked.png,004cbe60-8ff9-4965-92df-e86694d5e9ba___RS_Erly.B 8253_final_masked.png,png,102639,Tomato___Early_blight,256,256,RGB,3,1.0,True,False,False,3553ec7f8e1c0882f64b18fc79a831f7,False,Tomato,Early_blight,False
/Users/mackjb/repository/datasciencetest_reco_plante-1/dataset/plantvillage/clean_images/Tomato___Early_blight/00c5c908-fc25-4710-a109-db143da23112___RS_Erly.B 7778_final_masked.png,00c5c908-fc25-4710-a109-db143da23112___RS_Erly.B 7778_final_masked.png,png,65842,Tomato___Early_blight,256,256,RGB,3,1.0,True,False,False,193326749a11ee76d42525841e480677,False,Tomato,Early_blight,False
/Users/mackjb/repository/datasciencetest_reco_plante-1/dataset/plantvillage/clean_images/Tomato___Early_blight/00e7c4b2-3005-4558-9cfa-235e356cb7a8___RS_Erly.B 7844_final_masked.png,00e7c4b2-3005-4558-9cfa-235e356cb7a8___RS_Erly.B 7844_final_masked.png,png,59553,Tomato___Early_blight,256,256,RGB,3,1.0,True,False,False,a608b9f1f2085180e1e28c3f21c57fec,False,Tomato,Early_blight,False
/Users/mackjb/repository/datasciencetest_reco_plante-1/dataset/plantvillage/clean_images/Tomato___Early_blight/0012b9d2-2130-4a06-a834-b1f3af34f57e___RS_Erly.B 8389_final_masked.png,0012b9d2-2130-4a06-a834-b1f3af34f57e___RS_Erly.B 8389_final_masked.png,png,86579,Tomato___Early_blight,256,256,RGB,3,1.0,True,False,False,4f70b5d4055f4a2e56ad2d3ae2e485d7,False,Tomato,Early_blight,False
/Users/mackjb/repository/datasciencetest_reco_plante-1/dataset/plantvillage/clean_images/Tomato___Early_blight/0034a551-9512-44e5-ba6c-827f85ecc688___RS_Erly.B 9432_final_masked.png,0034a551-9512-44e5-ba6c-827f85ecc688___RS_Erly.B 9432_final_masked.png,png,52683,Tomato___Early_blight,256,256,RGB,3,1.0,True,False,False,7808f53fcc1be85088facc7503fc8e4a,False,Tomato,Early_blight,False
/Users/mackjb/repository/datasciencetest_reco_plante-1/dataset/plantvillage/clean_images/Corn_(maize)___Common_rust_/00b29f2a-2ee9-4461-a97e-1d8bdf5a1d3e___RS_Rust 1566_final_masked.png,00b29f2a-2ee9-4461-a97e-1d8bdf5a1d3e___RS_Rust 1566_final_masked.png,png,103022,Corn_(maize)___Common_rust_,256,256,RGB,3,1.0,True,False,False,eae87d7fc002da31f8e5633df45214a0,False,Corn_(maize),Common_rust_,False
/Users/mackjb/repository/datasciencetest_reco_plante-1/dataset/plantvillage/clean_images/Corn_(maize)___Common_rust_/007f6e89-3e7c-4e6a-8ef6-8058c7133799___RS_Rust 1933_final_masked.png,007f6e89-3e7c-4e6a-8ef6-8058c7133799___RS_Rust 1933_final_masked.png,png,74021,Corn_(maize)___Common_rust_,256,256,RGB,3,1.0,True,False,False,38d2a426e7fa5fa7970243e8d583c417,False,Corn_(maize),Common_rust_,False
/Users/mackjb/repository/datasciencetest_reco_plante-1/dataset/plantvillage/clean_images/Corn_(maize)___Common_rust_/00db1ede-2fbf-42ba-bbe7-69d974be3dda___RS_Rust 1675_final_masked.png,00db1ede-2fbf-42ba-bbe7-69d974be3dda___RS_Rust 1675_final_masked.png,png,120833,Corn_(maize)___Common_rust_,256,256,RGB,3,1.0,True,False,False,47de3b471aa6a0ea030d9b89564263b4,False,Corn_(maize),Common_rust_,False
/Users/mackjb/repository/datasciencetest_reco_plante-1/dataset/plantvillage/clean_images/Corn_(maize)___Common_rust_/00cbdbc2-0bef-477e-999f-20e0f36a2cf6___RS_Rust 2725_final_masked.png,00cbdbc2-0bef-477e-999f-20e0f36a2cf6___RS_Rust 2725_final_masked.png,png,98653,Corn_(maize)___Common_rust_,256,256,RGB,3,1.0,True,False,False,878fffce5e2474056d0b979ba1af6436,False,Corn_(maize),Common_rust_,False
/Users/mackjb/repository/datasciencetest_reco_plante-1/dataset/plantvillage/clean_images/Corn_(maize)___Common_rust_/00ab8410-2b0e-4877-b947-cc3889be8d79___RS_Rust 2562_final_masked.png,00ab8410-2b0e-4877-b947-cc3889be8d79___RS_Rust 2562_final_masked.png,png,93665,Corn_(maize)___Common_rust_,256,256,RGB,3,1.0,True,False,False,d66d391d1547a1a57d6dfc197df5a360,False,Corn_(maize),Common_rust_,False
/Users/mackjb/repository/datasciencetest_reco_plante-1/dataset/plantvillage/clean_images/Grape___Esca_(Black_Measles)/011bb69d-fb9c-4fb9-b8cc-031e91270ec2___FAM_B.Msls 4288_final_masked.png,011bb69d-fb9c-4fb9-b8cc-031e91270ec2___FAM_B.Msls 4288_final_masked.png,png,81363,Grape___Esca_(Black_Measles),256,256,RGB,3,1.0,True,False,False,7a3d73bc6d1bf51478e663821d5f9f77,False,Grape,Esca_(Black_Measles),False
/Users/mackjb/repository/datasciencetest_reco_plante-1/dataset/plantvillage/clean_images/Grape___Esca_(Black_Measles)/00b65fe8-cee1-4b68-8ef4-1211814f2845___FAM_B.Msls 3990_final_masked.png,00b65fe8-cee1-4b68-8ef4-1211814f2845___FAM_B.Msls 3990_final_masked.png,png,63479,Grape___Esca_(Black_Measles),256,256,RGB,3,1.0,True,False,False,26f702cd842746e43ba2a5db880bd4ac,False,Grape,Esca_(Black_Measles),False
/Users/mackjb/repository/datasciencetest_reco_plante-1/dataset/plantvillage/clean_images/Grape___Esca_(Black_Measles)/00c247e8-48d2-4a56-a9f3-4eacfb4d85be___FAM_B.Msls 4197_final_masked.png,00c247e8-48d2-4a56-a9f3-4eacfb4d85be___FAM_B.Msls 4197_final_masked.png,png,82678,Grape___Esca_(Black_Measles),256,256,RGB,3,1.0,True,False,False,045c98cac516a43bd8c8a89e77122cff,False,Grape,Esca_(Black_Measles),False
/Users/mackjb/repository/datasciencetest_reco_plante-1/dataset/plantvillage/clean_images/Grape___Esca_(Black_Measles)/01162551-b800-4df8-ac46-64d17d6ac5bf___FAM_B.Msls 1153_final_masked.png,01162551-b800-4df8-ac46-64d17d6ac5bf___FAM_B.Msls 1153_final_masked.png,png,74069,Grape___Esca_(Black_Measles),256,256,RGB,3,1.0,True,False,False,d17711a493d5331fd7f39754b38ff6bd,False,Grape,Esca_(Black_Measles),False
/Users/mackjb/repository/datasciencetest_reco_plante-1/dataset/plantvillage/clean_images/Grape___Esca_(Black_Measles)/0075b632-2e34-4e4f-9697-fe2b332b7ef8___FAM_B.Msls 4399_final_masked.png,0075b632-2e34-4e4f-9697-fe2b332b7ef8___FAM_B.Msls 4399_final_masked.png,png,87768,Grape___Esca_(Black_Measles),256,256,RGB,3,1.0,True,False,False,5dc9a7c52a4d5a569781cc0e0042bdd1,False,Grape,Esca_(Black_Measles),False
/Users/mackjb/repository/datasciencetest_reco_plante-1/dataset/plantvillage/clean_images/Raspberry___healthy/03a615df-ed85-4ae6-8b41-d5b4c980b76b___Mary_HL 6366_final_masked.png,03a615df-ed85-4ae6-8b41-d5b4c980b76b___Mary_HL 6366_final_masked.png,png,92671,Raspberry___healthy,256,256,RGB,3,1.0,True,False,False,ea2100e3c2a9c05f9d992b7f67cb943d,False,Raspberry,healthy,False
/Users/mackjb/repository/datasciencetest_reco_plante-1/dataset/plantvillage/clean_images/Raspberry___healthy/00a3fc0e-64cc-4e35-ac2f-aef04fda9b22___Mary_HL 9177_final_masked.png,00a3fc0e-64cc-4e35-ac2f-aef04fda9b22___Mary_HL 9177_final_masked.png,png,77703,Raspberry___healthy,256,256,RGB,3,1.0,True,False,False,2f5347c1a547971416dd6a2ed3c7c928,False,Raspberry,healthy,False
/Users/mackjb/repository/datasciencetest_reco_plante-1/dataset/plantvillage/clean_images/Tomato___healthy/00bce074-967b-4d50-967a-31fdaa35e688___RS_HL 0223_final_masked.png,00bce074-967b-4d50-967a-31fdaa35e688___RS_HL 0223_final_masked.png,png,83077,Tomato___healthy,256,256,RGB,3,1.0,True,False,False,7c216da954c62d8854f1f9bf7d39f91b,False,Tomato,healthy,False
/Users/mackjb/repository/datasciencetest_reco_plante-1/dataset/plantvillage/clean_images/Tomato___healthy/000146ff-92a4-4db6-90ad-8fce2ae4fddd___GH_HL Leaf 259.1_final_masked.png,000146ff-92a4-4db6-90ad-8fce2ae4fddd___GH_HL Leaf 259.1_final_masked.png,png,53050,Tomato___healthy,256,256,RGB,3,1.0,True,False,False,6924e3277bb9f8192306b02741750985,False,Tomato,healthy,False
/Users/mackjb/repository/datasciencetest_reco_plante-1/dataset/plantvillage/clean_images/Tomato___healthy/003944fc-3b99-4a0f-9ed4-0e07352fd8b3___RS_HL 9844_final_masked.png,003944fc-3b99-4a0f-9ed4-0e07352fd8b3___RS_HL 9844_final_masked.png,png,67325,Tomato___healthy,256,256,RGB,3,1.0,True,False,False,054547e3b83295b2b5e26a28ee26c229,False,Tomato,healthy,False
/Users/mackjb/repository/datasciencetest_reco_plante-1/dataset/plantvillage/clean_images/Tomato___healthy/0031da2a-8edd-468f-a8b1-106657717a32___RS_HL 0105_final_masked.png,0031da2a-8edd-468f-a8b1-106657717a32___RS_HL 0105_final_masked.png,png,74498,Tomato___healthy,256,256,RGB,3,1.0,True,False,False,34f5af3325543b46d6e0b2337fab91f2,False,Tomato,healthy,False
/Users/mackjb/repository/datasciencetest_reco_plante-1/dataset/plantvillage/clean_images/Tomato___healthy/000bf685-b305-408b-91f4-37030f8e62db___GH_HL Leaf 308.1_final_masked.png,000bf685-b305-408b-91f4-37030f8e62db___GH_HL Leaf 308.1_final_masked.png,png,49302,Tomato___healthy,256,256,RGB,3,1.0,True,False,False,3499645ea948050273be94da2c8d0d2a,False,Tomato,healthy,False
/Users/mackjb/repository/datasciencetest_reco_plante-1/dataset/plantvillage/clean_images/Cherry_(including_sour)___healthy/002efba9-09b3-43de-93b7-5c2460185cde___JR_HL 9655_final_masked.png,002efba9-09b3-43de-93b7-5c2460185cde___JR_HL 9655_final_masked.png,png,49626,Cherry_(including_sour)___healthy,256,256,RGB,3,1.0,True,False,False,bcbb89d6dbc455a275b83e31c163fbd3,False,Cherry_(including_sour),healthy,False
/Users/mackjb/repository/datasciencetest_reco_plante-1/dataset/plantvillage/clean_images/Cherry_(including_sour)___healthy/005f183c-0a73-4738-91f7-c0a0e02cd9e3___JR_HL 9679_final_masked.png,005f183c-0a73-4738-91f7-c0a0e02cd9e3___JR_HL 9679_final_masked.png,png,66615,Cherry_(including_sour)___healthy,256,256,RGB,3,1.0,True,False,False,e85b741a738e5ffb5a2b6a3d8d595366,False,Cherry_(including_sour),healthy,False
/Users/mackjb/repository/datasciencetest_reco_plante-1/dataset/plantvillage/clean_images/Tomato___Tomato_Yellow_Leaf_Curl_Virus/0036c89d-7743-4895-9fcf-b8d2c1fc8455___YLCV_NREC 0313_final_masked.png,0036c89d-7743-4895-9fcf-b8d2c1fc8455___YLCV_NREC 0313_final_masked.png,png,54729,Tomato___Tomato_Yellow_Leaf_Curl_Virus,256,256,RGB,3,1.0,True,False,False,8a46d28d5410860f49c75f606eefdd45,False,Tomato,Tomato_Yellow_Leaf_Curl_Virus,False
/Users/mackjb/repository/datasciencetest_reco_plante-1/dataset/plantvillage/clean_images/Tomato___Tomato_Yellow_Leaf_Curl_Virus/00576ef6-6fa0-40d2-b365-87850597bafd___UF.GRC_YLCV_Lab 01999_final_masked.png,00576ef6-6fa0-40d2-b365-87850597bafd___UF.GRC_YLCV_Lab 01999_final_masked.png,png,55124,Tomato___Tomato_Yellow_Leaf_Curl_Virus,256,256,RGB,3,1.0,True,False,False,1db98f1fcf1221be36d2faa9b12fe47c,False,Tomato,Tomato_Yellow_Leaf_Curl_Virus,False
/Users/mackjb/repository/datasciencetest_reco_plante-1/dataset/plantvillage/clean_images/Tomato___Tomato_Yellow_Leaf_Curl_Virus/003bce78-28c9-4612-b148-f621e9a23bd4___YLCV_GCREC 5154_final_masked.png,003bce78-28c9-4612-b148-f621e9a23bd4___YLCV_GCREC 5154_final_masked.png,png,76419,Tomato___Tomato_Yellow_Leaf_Curl_Virus,256,256,RGB,3,1.0,True,False,False,ee2d8ca4411499f14d4e4b87aa53fa43,False,Tomato,Tomato_Yellow_Leaf_Curl_Virus,False
/Users/mackjb/repository/datasciencetest_reco_plante-1/dataset/plantvillage/clean_images/Tomato___Tomato_Yellow_Leaf_Curl_Virus/004273e3-e283-4ec6-b597-d0de1bfbc590___YLCV_GCREC 2434_final_masked.png,004273e3-e283-4ec6-b597-d0de1bfbc590___YLCV_GCREC 2434_final_masked.png,png,77549,Tomato___Tomato_Yellow_Leaf_Curl_Virus,256,256,RGB,3,1.0,True,False,False,1d1ab69c521048dad85ad0a624bd8f0a,False,Tomato,Tomato_Yellow_Leaf_Curl_Virus,False
/Users/mackjb/repository/datasciencetest_reco_plante-1/dataset/plantvillage/clean_images/Tomato___Tomato_Yellow_Leaf_Curl_Virus/00139ae8-d881-4edb-925f-46584b0bd68c___YLCV_NREC 2944_final_masked.png,00139ae8-d881-4edb-925f-46584b0bd68c___YLCV_NREC 2944_final_masked.png,png,44872,Tomato___Tomato_Yellow_Leaf_Curl_Virus,256,256,RGB,3,1.0,True,False,False,a9acfec7284c56fbb5daa6e522531526,False,Tomato,Tomato_Yellow_Leaf_Curl_Virus,False
/Users/mackjb/repository/datasciencetest_reco_plante-1/dataset/plantvillage/clean_images/Corn_(maize)___Northern_Leaf_Blight/00a55069-3fa3-405b-8d87-4d3408a6ed98___RS_NLB 3645_final_masked.png,00a55069-3fa3-405b-8d87-4d3408a6ed98___RS_NLB 3645_final_masked.png,png,77628,Corn_(maize)___Northern_Leaf_Blight,256,256,RGB,3,1.0,True,False,False,ba83aff42fa0493ed58df40018d04028,False,Corn_(maize),Northern_Leaf_Blight,False
/Users/mackjb/repository/datasciencetest_reco_plante-1/dataset/plantvillage/clean_images/Corn_(maize)___Northern_Leaf_Blight/008d9af0-7568-4a67-bb1a-0e915836ddc0___RS_NLB 4165 copy 2_final_masked.png,008d9af0-7568-4a67-bb1a-0e915836ddc0___RS_NLB 4165 copy 2_final_masked.png,png,108567,Corn_(maize)___Northern_Leaf_Blight,256,256,RGB,3,1.0,True,False,False,50907dab1d29e71edc37cd9a8ed123c5,False,Corn_(maize),Northern_Leaf_Blight,False
/Users/mackjb/repository/datasciencetest_reco_plante-1/dataset/plantvillage/clean_images/Corn_(maize)___Northern_Leaf_Blight/005318c8-a5fa-4420-843b-23bdda7322c2___RS_NLB 3853 copy_final_masked.png,005318c8-a5fa-4420-843b-23bdda7322c2___RS_NLB 3853 copy_final_masked.png,png,90086,Corn_(maize)___Northern_Leaf_Blight,256,256,RGB,3,1.0,True,False,False,adeaa20378b257300db93357ebd64123,False,Corn_(maize),Northern_Leaf_Blight,False
/Users/mackjb/repository/datasciencetest_reco_plante-1/dataset/plantvillage/clean_images/Corn_(maize)___Northern_Leaf_Blight/0079c731-80f5-4fea-b6a2-4ff23a7ce139___RS_NLB 4121_final_masked.png,0079c731-80f5-4fea-b6a2-4ff23a7ce139___RS_NLB 4121_final_masked.png,png,104338,Corn_(maize)___Northern_Leaf_Blight,256,256,RGB,3,1.0,True,False,False,3dac1683698fcc1577fd64ee0b6e0ae4,False,Corn_(maize),Northern_Leaf_Blight,False
/Users/mackjb/repository/datasciencetest_reco_plante-1/dataset/plantvillage/clean_images/Corn_(maize)___Northern_Leaf_Blight/00a14441-7a62-4034-bc40-b196aeab2785___RS_NLB 3932_final_masked.png,00a14441-7a62-4034-bc40-b196aeab2785___RS_NLB 3932_final_masked.png,png,75428,Corn_(maize)___Northern_Leaf_Blight,256,256,RGB,3,1.0,True,False,False,107d2b93919bfd60b19881189af98d8f,False,Corn_(maize),Northern_Leaf_Blight,False
/Users/mackjb/repository/datasciencetest_reco_plante-1/dataset/plantvillage/clean_images/Tomato___Spider_mites Two-spotted_spider_mite/00c8e9a0-1fb8-434b-8981-25511358ddc9___Com.G_SpM_FL 8717_final_masked.png,00c8e9a0-1fb8-434b-8981-25511358ddc9___Com.G_SpM_FL 8717_final_masked.png,png,58421,Tomato___Spider_mites Two-spotted_spider_mite,256,256,RGB,3,1.0,True,False,False,b3ff750a102cf001d389e54baf1422ed,False,Tomato,Spider_mites Two-spotted_spider_mite,False
/Users/mackjb/repository/datasciencetest_reco_plante-1/dataset/plantvillage/clean_images/Tomato___Spider_mites Two-spotted_spider_mite/002835d1-c18e-4471-aa6e-8d8c29585e9b___Com.G_SpM_FL 8584_final_masked.png,002835d1-c18e-4471-aa6e-8d8c29585e9b___Com.G_SpM_FL 8584_final_masked.png,png,60205,Tomato___Spider_mites Two-spotted_spider_mite,256,256,RGB,3,1.0,True,False,False,4c30b990ef491ee51f9c64f4d46419fd,False,Tomato,Spider_mites Two-spotted_spider_mite,False
/Users/mackjb/repository/datasciencetest_reco_plante-1/dataset/plantvillage/clean_images/Tomato___Spider_mites Two-spotted_spider_mite/003b7929-a364-4e74-be1c-37c4c0a6ec63___Com.G_SpM_FL 1414_final_masked.png,003b7929-a364-4e74-be1c-37c4c0a6ec63___Com.G_SpM_FL 1414_final_masked.png,png,52900,Tomato___Spider_mites Two-spotted_spider_mite,256,256,RGB,3,1.0,True,False,False,216addb299b42984d27a05e73b412ea7,False,Tomato,Spider_mites Two-spotted_spider_mite,False
/Users/mackjb/repository/datasciencetest_reco_plante-1/dataset/plantvillage/clean_images/Tomato___Spider_mites Two-spotted_spider_mite/00fa99e8-2605-4d72-be69-98277587d84b___Com.G_SpM_FL 1453_final_masked.png,00fa99e8-2605-4d72-be69-98277587d84b___Com.G_SpM_FL 1453_final_masked.png,png,43938,Tomato___Spider_mites Two-spotted_spider_mite,256,256,RGB,3,1.0,True,False,False,bc6c87975b1304b5624b38d877e60a30,False,Tomato,Spider_mites Two-spotted_spider_mite,False
/Users/mackjb/repository/datasciencetest_reco_plante-1/dataset/plantvillage/clean_images/Tomato___Spider_mites Two-spotted_spider_mite/00bc7858-1dca-4bfb-a828-225f03bd72a5___Com.G_SpM_FL 9455_final_masked.png,00bc7858-1dca-4bfb-a828-225f03bd72a5___Com.G_SpM_FL 9455_final_masked.png,png,52303,Tomato___Spider_mites Two-spotted_spider_mite,256,256,RGB,3,1.0,True,False,False,cd56ae6b74ff58c36d5349455c0611f0,False,Tomato,Spider_mites Two-spotted_spider_mite,False
/Users/mackjb/repository/datasciencetest_reco_plante-1/dataset/plantvillage/clean_images/Peach___Bacterial_spot/002eddd0-b6b3-474c-be08-423e53e24f82___Rutg._Bact.S 1955_final_masked.png,002eddd0-b6b3-474c-be08-423e53e24f82___Rutg._Bact.S 1955_final_masked.png,png,42885,Peach___Bacterial_spot,256,256,RGB,3,1.0,True,False,False,187b21bb2ec25d7e28d92707fd995e76,False,Peach,Bacterial_spot,False
"/Users/mackjb/repository/datasciencetest_reco_plante-1/dataset/plantvillage/clean_images/Pepper,_bell___Bacterial_spot/00f2e69a-1e56-412d-8a79-fdce794a17e4___JR_B.Spot 3132_final_masked.png",00f2e69a-1e56-412d-8a79-fdce794a17e4___JR_B.Spot 3132_final_masked.png,png,78594,"Pepper,_bell___Bacterial_spot",256,256,RGB,3,1.0,True,False,False,a51b1f4b1ccadc9e5f2fb8a18f66aaeb,False,"Pepper,_bell",Bacterial_spot,False
"/Users/mackjb/repository/datasciencetest_reco_plante-1/dataset/plantvillage/clean_images/Pepper,_bell___Bacterial_spot/0169b9ac-07b9-4be1-8b85-da94481f05a4___NREC_B.Spot 9169_final_masked.png",0169b9ac-07b9-4be1-8b85-da94481f05a4___NREC_B.Spot 9169_final_masked.png,png,84078,"Pepper,_bell___Bacterial_spot",256,256,RGB,3,1.0,True,False,False,63e05d00c09381c2b1d2c8cc56063e61,False,"Pepper,_bell",Bacterial_spot,False
"/Users/mackjb/repository/datasciencetest_reco_plante-1/dataset/plantvillage/clean_images/Pepper,_bell___Bacterial_spot/01613cd0-d3cd-4e96-945c-a312002037bf___JR_B.Spot 3262_final_masked.png",01613cd0-d3cd-4e96-945c-a312002037bf___JR_B.Spot 3262_final_masked.png,png,90848,"Pepper,_bell___Bacterial_spot",256,256,RGB,3,1.0,True,False,False,d3dda879db5f7ebb72f825662da238aa,False,"Pepper,_bell",Bacterial_spot,False
"/Users/mackjb/repository/datasciencetest_reco_plante-1/dataset/plantvillage/clean_images/Pepper,_bell___Bacterial_spot/0022d6b7-d47c-4ee2-ae9a-392a53f48647___JR_B.Spot 8964_final_masked.png",0022d6b7-d47c-4ee2-ae9a-392a53f48647___JR_B.Spot 8964_final_masked.png,png,68411,"Pepper,_bell___Bacterial_spot",256,256,RGB,3,1.0,True,False,False,51f278c049780bc398c3c67e6992a5b2,False,"Pepper,_bell",Bacterial_spot,False
"/Users/mackjb/repository/datasciencetest_reco_plante-1/dataset/plantvillage/clean_images/Pepper,_bell___Bacterial_spot/006adb74-934f-448f-a14f-62181742127b___JR_B.Spot 3395_final_masked.png",006adb74-934f-448f-a14f-62181742127b___JR_B.Spot 3395_final_masked.png,png,80928,"Pepper,_bell___Bacterial_spot",256,256,RGB,3,1.0,True,False,False,f034a3e9a292af99b42a4fb02be4746a,False,"Pepper,_bell",Bacterial_spot,False
/Users/mackjb/repository/datasciencetest_reco_plante-1/dataset/plantvillage/clean_images/Tomato___Septoria_leaf_spot/009ce7ca-77de-4e4e-9f59-bec9162df779___Matt.S_CG 7403_final_masked.png,009ce7ca-77de-4e4e-9f59-bec9162df779___Matt.S_CG 7403_final_masked.png,png,96137,Tomato___Septoria_leaf_spot,256,256,RGB,3,1.0,True,False,False,00a66550dba7a4bdc770de6633ae8f6c,False,Tomato,Septoria_leaf_spot,False
/Users/mackjb/repository/datasciencetest_reco_plante-1/dataset/plantvillage/clean_images/Tomato___Septoria_leaf_spot/0025c401-7785-49c5-8bef-780a8a0d3652___Matt.S_CG 2694_final_masked.png,0025c401-7785-49c5-8bef-780a8a0d3652___Matt.S_CG 2694_final_masked.png,png,87275,Tomato___Septoria_leaf_spot,256,256,RGB,3,1.0,True,False,False,1962b9c3cd01bb10ae7ec63e11d7cd10,False,Tomato,Septoria_leaf_spot,False
/Users/mackjb/repository/datasciencetest_reco_plante-1/dataset/plantvillage/clean_images/Tomato___Septoria_leaf_spot/002533c1-722b-44e5-9d2e-91f7747b2543___Keller.St_CG 1831_final_masked.png,002533c1-722b-44e5-9d2e-91f7747b2543___Keller.St_CG 1831_final_masked.png,png,56487,Tomato___Septoria_leaf_spot,256,256,RGB,3,1.0,True,False,False,974f51c0cab754dbc60353fd64c64b85,False,Tomato,Septoria_leaf_spot,False
/Users/mackjb/repository/datasciencetest_reco_plante-1/dataset/plantvillage/clean_images/Tomato___Septoria_leaf_spot/009bb542-f0c0-40f2-98a7-f547c5adec45___Matt.S_CG 1355_final_masked.png,009bb542-f0c0-40f2-98a7-f547c5adec45___Matt.S_CG 1355_final_masked.png,png,57144,Tomato___Septoria_leaf_spot,256,256,RGB,3,1.0,True,False,False,49d45a0c5c67263c5dd2264f0767fa39,False,Tomato,Septoria_leaf_spot,False
/Users/mackjb/repository/datasciencetest_reco_plante-1/dataset/plantvillage/clean_images/Tomato___Septoria_leaf_spot/006c018a-bb21-4a24-b1ff-d8b2864a7354___Matt.S_CG 6192_final_masked.png,006c018a-bb21-4a24-b1ff-d8b2864a7354___Matt.S_CG 6192_final_masked.png,png,69344,Tomato___Septoria_leaf_spot,256,256,RGB,3,1.0,True,False,False,280c4f7cb96ff1ca1db209ad51f85124,False,Tomato,Septoria_leaf_spot,False
/Users/mackjb/repository/datasciencetest_reco_plante-1/dataset/plantvillage/clean_images/Squash___Powdery_mildew/0045a100-36d3-45df-b417-d487d6e07eb4___UMD_Powd.M 0003_final_masked.png,0045a100-36d3-45df-b417-d487d6e07eb4___UMD_Powd.M 0003_final_masked.png,png,105575,Squash___Powdery_mildew,256,256,RGB,3,1.0,True,False,False,c69499e93f6cb4cf48767ee6ab71a3cc,False,Squash,Powdery_mildew,False
/Users/mackjb/repository/datasciencetest_reco_plante-1/dataset/plantvillage/clean_images/Squash___Powdery_mildew/0056878d-a244-4653-ad56-7e97080c7fd2___UMD_Powd.M 9962_final_masked.png,0056878d-a244-4653-ad56-7e97080c7fd2___UMD_Powd.M 9962_final_masked.png,png,123074,Squash___Powdery_mildew,256,256,RGB,3,1.0,True,False,False,d107a104da71f7c17c9b38538e3a3b48,False,Squash,Powdery_mildew,False
/Users/mackjb/repository/datasciencetest_reco_plante-1/dataset/plantvillage/clean_images/Squash___Powdery_mildew/009996d9-797e-4450-afad-e8346f7ede04___UMD_Powd.M 0216_final_masked.png,009996d9-797e-4450-afad-e8346f7ede04___UMD_Powd.M 0216_final_masked.png,png,111213,Squash___Powdery_mildew,256,256,RGB,3,1.0,True,False,False,b52e083d6e36eb8e7285335f5b4b42c8,False,Squash,Powdery_mildew,False
/Users/mackjb/repository/datasciencetest_reco_plante-1/dataset/plantvillage/clean_images/Squash___Powdery_mildew/007f0b62-a0f0-4c4a-9b1b-119616dd87c2___UMD_Powd.M 0279_final_masked.png,007f0b62-a0f0-4c4a-9b1b-119616dd87c2___UMD_Powd.M 0279_final_masked.png,png,113136,Squash___Powdery_mildew,256,256,RGB,3,1.0,True,False,False,ceeeca93c5072a722813bea8c4af2b96,False,Squash,Powdery_mildew,False
/Users/mackjb/repository/datasciencetest_reco_plante-1/dataset/plantvillage/clean_images/Squash___Powdery_mildew/0061de03-5f84-413a-b30d-1bb575cf3267___UMD_Powd.M 0415_final_masked.png,0061de03-5f84-413a-b30d-1bb575cf3267___UMD_Powd.M 0415_final_masked.png,png,101305,Squash___Powdery_mildew,256,256,RGB,3,1.0,True,False,False,8af5b148c6a1c4abe0cae09d378be7a7,False,Squash,Powdery_mildew,False
/Users/mackjb/repository/datasciencetest_reco_plante-1/dataset/plantvillage/clean_images/Corn_(maize)___Cercospora_leaf_spot Gray_leaf_spot/0157de0c-5b81-44a1-abe8-eecaa6f1261a___RS_GLSp 4287_final_masked.png,0157de0c-5b81-44a1-abe8-eecaa6f1261a___RS_GLSp 4287_final_masked.png,png,81391,Corn_(maize)___Cercospora_leaf_spot Gray_leaf_spot,256,256,RGB,3,1.0,True,False,False,b112dce76e45ba017bcce9bbce7df443,False,Corn_(maize),Cercospora_leaf_spot Gray_leaf_spot,False
/Users/mackjb/repository/datasciencetest_reco_plante-1/dataset/plantvillage/clean_images/Corn_(maize)___Cercospora_leaf_spot Gray_leaf_spot/0140764c-6157-4995-9ada-9c10b81af3b8___RS_GLSp 4378_final_masked.png,0140764c-6157-4995-9ada-9c10b81af3b8___RS_GLSp 4378_final_masked.png,png,112474,Corn_(maize)___Cercospora_leaf_spot Gray_leaf_spot,256,256,RGB,3,1.0,True,False,False,bd7b324f8d319c341a62f0a45c70d932,False,Corn_(maize),Cercospora_leaf_spot Gray_leaf_spot,False
/Users/mackjb/repository/datasciencetest_reco_plante-1/dataset/plantvillage/clean_images/Corn_(maize)___Cercospora_leaf_spot Gray_leaf_spot/00a20f6f-e8bd-4453-9e25-36ea70feb626___RS_GLSp 4655_final_masked.png,00a20f6f-e8bd-4453-9e25-36ea70feb626___RS_GLSp 4655_final_masked.png,png,98157,Corn_(maize)___Cercospora_leaf_spot Gray_leaf_spot,256,256,RGB,3,1.0,True,False,False,9f7df65ee46c46bab888eeaeb21bdd20,False,Corn_(maize),Cercospora_leaf_spot Gray_leaf_spot,False
/Users/mackjb/repository/datasciencetest_reco_plante-1/dataset/plantvillage/clean_images/Corn_(maize)___Cercospora_leaf_spot Gray_leaf_spot/01a02916-5d4c-4256-936b-6b1a9ee65b11___RS_GLSp 9276_final_masked.png,01a02916-5d4c-4256-936b-6b1a9ee65b11___RS_GLSp 9276_final_masked.png,png,76481,Corn_(maize)___Cercospora_leaf_spot Gray_leaf_spot,256,256,RGB,3,1.0,True,False,False,2e4f6339bbbc2cfe7b096aa9c68032b2,False,Corn_(maize),Cercospora_leaf_spot Gray_leaf_spot,False
/Users/mackjb/repository/datasciencetest_reco_plante-1/dataset/plantvillage/clean_images/Corn_(maize)___Cercospora_leaf_spot Gray_leaf_spot/00120a18-ff90-46e4-92fb-2b7a10345bd3___RS_GLSp 9357_final_masked.png,00120a18-ff90-46e4-92fb-2b7a10345bd3___RS_GLSp 9357_final_masked.png,png,107478,Corn_(maize)___Cercospora_leaf_spot Gray_leaf_spot,256,256,RGB,3,1.0,True,False,False,31adc4a0c8b31ee3caf49d67c435a8eb,False,Corn_(maize),Cercospora_leaf_spot Gray_leaf_spot,False
/Users/mackjb/repository/datasciencetest_reco_plante-1/dataset/plantvillage/clean_images/Apple___Black_rot/00e909aa-e3ae-4558-9961-336bb0f35db3___JR_FrgE.S 8593_final_masked.png,00e909aa-e3ae-4558-9961-336bb0f35db3___JR_FrgE.S 8593_final_masked.png,png,61996,Apple___Black_rot,256,256,RGB,3,1.0,True,False,False,53f11266f7675ea0398591214693bae3,False,Apple,Black_rot,False
/Users/mackjb/repository/datasciencetest_reco_plante-1/dataset/plantvillage/clean_images/Apple___Black_rot/01e94c43-0879-4e8c-9b61-c48cfed88dab___JR_FrgE.S 3024_final_masked.png,01e94c43-0879-4e8c-9b61-c48cfed88dab___JR_FrgE.S 3024_final_masked.png,png,69393,Apple___Black_rot,256,256,RGB,3,1.0,True,False,False,c3222151f64b099a246f1c73c180b477,False,Apple,Black_rot,False
/Users/mackjb/repository/datasciencetest_reco_plante-1/dataset/plantvillage/clean_images/Apple___healthy/00fca0da-2db3-481b-b98a-9b67bb7b105c___RS_HL 7708_final_masked.png,00fca0da-2db3-481b-b98a-9b67bb7b105c___RS_HL 7708_final_masked.png,png,62840,Apple___healthy,256,256,RGB,3,1.0,True,False,False,6c9ba704cb297cc076d58c0a41d18387,False,Apple,healthy,False
/Users/mackjb/repository/datasciencetest_reco_plante-1/dataset/plantvillage/clean_images/Apple___healthy/0098dbd9-286a-4d6a-bf4b-5459d66f88c0___RS_HL 5776_final_masked.png,0098dbd9-286a-4d6a-bf4b-5459d66f88c0___RS_HL 5776_final_masked.png,png,64064,Apple___healthy,256,256,RGB,3,1.0,True,False,False,cc2b7b70256d6b604b5093313cce683a,False,Apple,healthy,False
/Users/mackjb/repository/datasciencetest_reco_plante-1/dataset/plantvillage/clean_images/Apple___healthy/0055dd26-23a7-4415-ac61-e0b44ebfaf80___RS_HL 5672_final_masked.png,0055dd26-23a7-4415-ac61-e0b44ebfaf80___RS_HL 5672_final_masked.png,png,54861,Apple___healthy,256,256,RGB,3,1.0,True,False,False,28e3dfeaaed561a97b33129166805841,False,Apple,healthy,False
/Users/mackjb/repository/datasciencetest_reco_plante-1/dataset/plantvillage/clean_images/Apple___healthy/00907d8b-6ae6-4306-bfd7-d54471981a86___RS_HL 5709_final_masked.png,00907d8b-6ae6-4306-bfd7-d54471981a86___RS_HL 5709_final_masked.png,png,72715,Apple___healthy,256,256,RGB,3,1.0,True,False,False,9fdc37c5ca45dd3b630cce0105bcfc53,False,Apple,healthy,False
/Users/mackjb/repository/datasciencetest_reco_plante-1/dataset/plantvillage/clean_images/Apple___healthy/00a6039c-e425-4f7d-81b1-d6b0e668517e___RS_HL 7669_final_masked.png,00a6039c-e425-4f7d-81b1-d6b0e668517e___RS_HL 7669_final_masked.png,png,70443,Apple___healthy,256,256,RGB,3,1.0,True,False,False,4cefac0bd244a7abcce4177ea0fe6839,False,Apple,healthy,False
/Users/mackjb/repository/datasciencetest_reco_plante-1/dataset/plantvillage/clean_images/Strawberry___Leaf_scorch/0024203d-6e4c-490f-b9a8-e5926df0b76e___RS_L.Scorch 0795_final_masked.png,0024203d-6e4c-490f-b9a8-e5926df0b76e___RS_L.Scorch 0795_final_masked.png,png,131817,Strawberry___Leaf_scorch,256,256,RGB,3,1.0,True,False,False,5243eb7013042fbb69b8f78a1ed7af93,False,Strawberry,Leaf_scorch,False
/Users/mackjb/repository/datasciencetest_reco_plante-1/dataset/plantvillage/clean_images/Strawberry___Leaf_scorch/018eaeaf-82a5-407c-87f2-fc7edfc89ecc___RS_L.Scorch 0951_final_masked.png,018eaeaf-82a5-407c-87f2-fc7edfc89ecc___RS_L.Scorch 0951_final_masked.png,png,86505,Strawberry___Leaf_scorch,256,256,RGB,3,1.0,True,False,False,5affe52be7f960a2dd021c8033db9840,False,Strawberry,Leaf_scorch,False
/Users/mackjb/repository/datasciencetest_reco_plante-1/dataset/plantvillage/clean_images/Strawberry___Leaf_scorch/01b7dc2e-af4a-4708-a6ea-4cb19d6f167c___RS_L.Scorch 0072_final_masked.png,01b7dc2e-af4a-4708-a6ea-4cb19d6f167c___RS_L.Scorch 0072_final_masked.png,png,118227,Strawberry___Leaf_scorch,256,256,RGB,3,1.0,True,False,False,0e167b557e45eaeb5fffb29f53e648aa,False,Strawberry,Leaf_scorch,False
/Users/mackjb/repository/datasciencetest_reco_plante-1/dataset/plantvillage/clean_images/Strawberry___Leaf_scorch/01647a51-6ee5-4686-8f60-26ebed68fe21___RS_L.Scorch 0130_final_masked.png,01647a51-6ee5-4686-8f60-26ebed68fe21___RS_L.Scorch 0130_final_masked.png,png,94001,Strawberry___Leaf_scorch,256,256,RGB,3,1.0,True,False,False,063e3379d38c9c93fe2dd22757d4d843,False,Strawberry,Leaf_scorch,False
/Users/mackjb/repository/datasciencetest_reco_plante-1/dataset/plantvillage/clean_images/Strawberry___Leaf_scorch/0138e78b-9802-43b5-b40e-84c38160418c___RS_L.Scorch 1289_final_masked.png,0138e78b-9802-43b5-b40e-84c38160418c___RS_L.Scorch 1289_final_masked.png,png,88348,Strawberry___Leaf_scorch,256,256,RGB,3,1.0,True,False,False,6d97af49b41a2d9b7d0cd106d6be68b2,False,Strawberry,Leaf_scorch,False
/Users/mackjb/repository/datasciencetest_reco_plante-1/dataset/plantvillage/clean_images/Potato___healthy/046641c1-f837-49eb-b5f2-4109910a027c___RS_HL 1878_final_masked.png,046641c1-f837-49eb-b5f2-4109910a027c___RS_HL 1878_final_masked.png,png,93335,Potato___healthy,256,256,RGB,3,1.0,True,False,False,07fcb26242f9a58a6549f81a02e6b6e0,False,Potato,healthy,False
/Users/mackjb/repository/datasciencetest_reco_plante-1/dataset/plantvillage/clean_images/Potato___healthy/03da9931-e514-4cc7-b04a-8f474a133ce5___RS_HL 1830_final_masked.png,03da9931-e514-4cc7-b04a-8f474a133ce5___RS_HL 1830_final_masked.png,png,83003,Potato___healthy,256,256,RGB,3,1.0,True,False,False,d23ebaec6e02cfeb24edb628cbbf5420,False,Potato,healthy,False
/Users/mackjb/repository/datasciencetest_reco_plante-1/dataset/plantvillage/clean_images/Potato___healthy/00fc2ee5-729f-4757-8aeb-65c3355874f2___RS_HL 1864_final_masked.png,00fc2ee5-729f-4757-8aeb-65c3355874f2___RS_HL 1864_final_masked.png,png,89156,Potato___healthy,256,256,RGB,3,1.0,True,False,False,f0159ca34b9a33a0ab0f928c3f499c4b,False,Potato,healthy,False
/Users/mackjb/repository/datasciencetest_reco_plante-1/dataset/plantvillage/clean_images/Potato___healthy/04481ca2-f94c-457e-b785-1ac05800b7ec___RS_HL 1930_final_masked.png,04481ca2-f94c-457e-b785-1ac05800b7ec___RS_HL 1930_final_masked.png,png,69168,Potato___healthy,256,256,RGB,3,1.0,True,False,False,54d525af179ad51141d0b0b8da1b3187,False,Potato,healthy,False
/Users/mackjb/repository/datasciencetest_reco_plante-1/dataset/plantvillage/clean_images/Potato___healthy/07dfb451-4378-49d1-b699-33a5fc49ff07___RS_HL 5399_final_masked.png,07dfb451-4378-49d1-b699-33a5fc49ff07___RS_HL 5399_final_masked.png,png,74111,Potato___healthy,256,256,RGB,3,1.0,True,False,False,d77be3261e427b56b60f8fa7e45291cc,False,Potato,healthy,False
/Users/mackjb/repository/datasciencetest_reco_plante-1/dataset/plantvillage/clean_images/Soybean___healthy/00247bff-26dc-445a-8d11-0b2592787ec3___RS_HL 6869_final_masked.png,00247bff-26dc-445a-8d11-0b2592787ec3___RS_HL 6869_final_masked.png,png,49181,Soybean___healthy,256,256,RGB,3,1.0,True,False,False,a04b1ad148935d27ea4eea6cc68459dc,False,Soybean,healthy,False
/Users/mackjb/repository/datasciencetest_reco_plante-1/dataset/plantvillage/clean_images/Soybean___healthy/0007ca44-b81d-475c-b8b5-c226a041f020___RS_HL 6331_final_masked.png,0007ca44-b81d-475c-b8b5-c226a041f020___RS_HL 6331_final_masked.png,png,90900,Soybean___healthy,256,256,RGB,3,1.0,True,False,False,39f774adcfd236fc3bfef6589eb2889b,False,Soybean,healthy,False
/Users/mackjb/repository/datasciencetest_reco_plante-1/dataset/plantvillage/clean_images/Soybean___healthy/0029bef1-201b-4dcc-9f84-d01dfc24785d___RS_HL 6484_final_masked.png,0029bef1-201b-4dcc-9f84-d01dfc24785d___RS_HL 6484_final_masked.png,png,85533,Soybean___healthy,256,256,RGB,3,1.0,True,False,False,a79c4b221c0c096736f9e4132180c957,False,Soybean,healthy,False
/Users/mackjb/repository/datasciencetest_reco_plante-1/dataset/plantvillage/clean_images/Soybean___healthy/0010d6a1-64f1-4997-99d8-6d86fa629014___RS_HL 6967_final_masked.png,0010d6a1-64f1-4997-99d8-6d86fa629014___RS_HL 6967_final_masked.png,png,76247,Soybean___healthy,256,256,RGB,3,1.0,True,False,False,6ea4ed9995d7819ab1d694c342be926e,False,Soybean,healthy,False
/Users/mackjb/repository/datasciencetest_reco_plante-1/dataset/plantvillage/clean_images/Soybean___healthy/0027f9ae-818b-41d1-95c8-9e296bd0fdae___RS_HL 6902_final_masked.png,0027f9ae-818b-41d1-95c8-9e296bd0fdae___RS_HL 6902_final_masked.png,png,71414,Soybean___healthy,256,256,RGB,3,1.0,True,False,False,b3ea8ae1e2aedf832681b40b48a802a1,False,Soybean,healthy,False
/Users/mackjb/repository/datasciencetest_reco_plante-1/dataset/plantvillage/augmented_images/Grape___Black_rot/003d09ef-e16c-4e8a-badf-847d46cb3dc0___FAM_B.Rot 3184_final_masked_aug_0.png,003d09ef-e16c-4e8a-badf-847d46cb3dc0___FAM_B.Rot 3184_final_masked_aug_0.png,png,80185,Grape___Black_rot,256,256,RGB,3,1.0,True,False,False,25a82007488980d02bfb3bc819dfefbc,False,Grape,Black_rot,True
/Users/mackjb/repository/datasciencetest_reco_plante-1/dataset/plantvillage/augmented_images/Grape___Black_rot/003d09ef-e16c-4e8a-badf-847d46cb3dc0___FAM_B.Rot 3184_final_masked_aug_1.png,003d09ef-e16c-4e8a-badf-847d46cb3dc0___FAM_B.Rot 3184_final_masked_aug_1.png,png,74940,Grape___Black_rot,256,256,RGB,3,1.0,True,False,False,25a82007488980d02bfb3bc819dfefbc,False,Grape,Black_rot,True
/Users/mackjb/repository/datasciencetest_reco_plante-1/dataset/plantvillage/augmented_images/Grape___Black_rot/006efc68-9e46-4168-921c-10ef8065702c___FAM_B.Rot 3470_final_masked_aug_0.png,006efc68-9e46-4168-921c-10ef8065702c___FAM_B.Rot 3470_final_masked_aug_0.png,png,77430,Grape___Black_rot,256,256,RGB,3,1.0,True,False,False,96175df0039be82911534c2a69100dfb,False,Grape,Black_rot,True
/Users/mackjb/repository/datasciencetest_reco_plante-1/dataset/plantvillage/augmented_images/Cherry_(including_sour)___healthy/002efba9-09b3-43de-93b7-5c2460185cde___JR_HL 9655_final_masked_aug_0.png,002efba9-09b3-43de-93b7-5c2460185cde___JR_HL 9655_final_masked_aug_0.png,png,47619,Cherry_(including_sour)___healthy,256,256,RGB,3,1.0,True,False,False,bcbb89d6dbc455a275b83e31c163fbd3,False,Cherry_(including_sour),healthy,True
/Users/mackjb/repository/datasciencetest_reco_plante-1/dataset/plantvillage/augmented_images/Cherry_(including_sour)___healthy/002efba9-09b3-43de-93b7-5c2460185cde___JR_HL 9655_final_masked_aug_1.png,002efba9-09b3-43de-93b7-5c2460185cde___JR_HL 9655_final_masked_aug_1.png,png,50964,Cherry_(including_sour)___healthy,256,256,RGB,3,1.0,True,False,False,bcbb89d6dbc455a275b83e31c163fbd3,False,Cherry_(including_sour),healthy,True
/Users/mackjb/repository/datasciencetest_reco_plante-1/dataset/plantvillage/augmented_images/Cherry_(including_sour)___healthy/005f183c-0a73-4738-91f7-c0a0e02cd9e3___JR_HL 9679_final_masked_aug_0.png,005f183c-0a73-4738-91f7-c0a0e02cd9e3___JR_HL 9679_final_masked_aug_0.png,png,65717,Cherry_(including_sour)___healthy,256,256,RGB,3,1.0,True,False,False,e85b741a738e5ffb5a2b6a3d8d595366,False,Cherry_(including_sour),healthy,True
/Users/mackjb/repository/datasciencetest_reco_plante-1/dataset/plantvillage/augmented_images/Raspberry___healthy/03a615df-ed85-4ae6-8b41-d5b4c980b76b___Mary_HL 6366_final_masked_aug_0.png,03a615df-ed85-4ae6-8b41-d5b4c980b76b___Mary_HL 6366_final_masked_aug_0.png,png,100022,Raspberry___healthy,256,256,RGB,3,1.0,True,False,False,ea2100e3c2a9c05f9d992b7f67cb943d,False,Raspberry,healthy,True
/Users/mackjb/repository/datasciencetest_reco_plante-1/dataset/plantvillage/augmented_images/Raspberry___healthy/03a615df-ed85-4ae6-8b41-d5b4c980b76b___Mary_HL 6366_final_masked_aug_1.png,03a615df-ed85-4ae6-8b41-d5b4c980b76b___Mary_HL 6366_final_masked_aug_1.png,png,97281,Raspberry___healthy,256,256,RGB,3,1.0,True,False,False,ea2100e3c2a9c05f9d992b7f67cb943d,False,Raspberry,healthy,True
/Users/mackjb/repository/datasciencetest_reco_plante-1/dataset/plantvillage/augmented_images/Raspberry___healthy/00a3fc0e-64cc-4e35-ac2f-aef04fda9b22___Mary_HL 9177_final_masked_aug_0.png,00a3fc0e-64cc-4e35-ac2f-aef04fda9b22___Mary_HL 9177_final_masked_aug_0.png,png,72596,Raspberry___healthy,256,256,RGB,3,1.0,True,False,False,2f5347c1a547971416dd6a2ed3c7c928,False,Raspberry,healthy,True
/Users/mackjb/repository/datasciencetest_reco_plante-1/dataset/plantvillage/augmented_images/Apple___Black_rot/00e909aa-e3ae-4558-9961-336bb0f35db3___JR_FrgE.S 8593_final_masked_aug_0.png,00e909aa-e3ae-4558-9961-336bb0f35db3___JR_FrgE.S 8593_final_masked_aug_0.png,png,59412,Apple___Black_rot,256,256,RGB,3,1.0,True,False,False,53f11266f7675ea0398591214693bae3,False,Apple,Black_rot,True
/Users/mackjb/repository/datasciencetest_reco_plante-1/dataset/plantvillage/augmented_images/Apple___Black_rot/00e909aa-e3ae-4558-9961-336bb0f35db3___JR_FrgE.S 8593_final_masked_aug_1.png,00e909aa-e3ae-4558-9961-336bb0f35db3___JR_FrgE.S 8593_final_masked_aug_1.png,png,63871,Apple___Black_rot,256,256,RGB,3,1.0,True,False,False,53f11266f7675ea0398591214693bae3,False,Apple,Black_rot,True
/Users/mackjb/repository/datasciencetest_reco_plante-1/dataset/plantvillage/augmented_images/Apple___Black_rot/01e94c43-0879-4e8c-9b61-c48cfed88dab___JR_FrgE.S 3024_final_masked_aug_0.png,01e94c43-0879-4e8c-9b61-c48cfed88dab___JR_FrgE.S 3024_final_masked_aug_0.png,png,67152,Apple___Black_rot,256,256,RGB,3,1.0,True,False,False,c3222151f64b099a246f1c73c180b477,False,Apple,Black_rot,True
/Users/mackjb/repository/datasciencetest_reco_plante-1/dataset/plantvillage/augmented_images/Tomato___Tomato_mosaic_virus/00c07a77-15e6-4815-92d4-8d1e1afb7f3c___PSU_CG 2052_final_masked_aug_0.png,00c07a77-15e6-4815-92d4-8d1e1afb7f3c___PSU_CG 2052_final_masked_aug_0.png,png,51916,Tomato___Tomato_mosaic_virus,256,256,RGB,3,1.0,True,False,False,dc563d76b57f7a5983e5d3675829ed6c,False,Tomato,Tomato_mosaic_virus,True
/Users/mackjb/repository/datasciencetest_reco_plante-1/dataset/plantvillage/augmented_images/Tomato___Tomato_mosaic_virus/00c07a77-15e6-4815-92d4-8d1e1afb7f3c___PSU_CG 2052_final_masked_aug_1.png,00c07a77-15e6-4815-92d4-8d1e1afb7f3c___PSU_CG 2052_final_masked_aug_1.png,png,57305,Tomato___Tomato_mosaic_virus,256,256,RGB,3,1.0,True,False,False,dc563d76b57f7a5983e5d3675829ed6c,False,Tomato,Tomato_mosaic_virus,True
/Users/mackjb/repository/datasciencetest_reco_plante-1/dataset/plantvillage/augmented_images/Tomato___Tomato_mosaic_virus/000ec6ea-9063-4c33-8abe-d58ca8a88878___PSU_CG 2169_final_masked_aug_0.png,000ec6ea-9063-4c33-8abe-d58ca8a88878___PSU_CG 2169_final_masked_aug_0.png,png,41963,Tomato___Tomato_mosaic_virus,256,256,RGB,3,1.0,True,False,False,d139b13652da28bf3b7b8754c3d6b3ed,False,Tomato,Tomato_mosaic_virus,True
/Users/mackjb/repository/datasciencetest_reco_plante-1/dataset/plantvillage/augmented_images/Apple___Cedar_apple_rust/04da297e-5238-41b1-a8a0-0c87c6c2f21f___FREC_C.Rust 4394_final_masked_aug_0.png,04da297e-5238-41b1-a8a0-0c87c6c2f21f___FREC_C.Rust 4394_final_masked_aug_0.png,png,49088,Apple___Cedar_apple_rust,256,256,RGB,3,1.0,True,False,False,dee1e5fe1b348ccf205f215e18c08d4e,False,Apple,Cedar_apple_rust,True
/Users/mackjb/repository/datasciencetest_reco_plante-1/dataset/plantvillage/augmented_images/Apple___Cedar_apple_rust/04da297e-5238-41b1-a8a0-0c87c6c2f21f___FREC_C.Rust 4394_final_masked_aug_1.png,04da297e-5238-41b1-a8a0-0c87c6c2f21f___FREC_C.Rust 4394_final_masked_aug_1.png,png,48534,Apple___Cedar_apple_rust,256,256,RGB,3,1.0,True,False,False,dee1e5fe1b348ccf205f215e18c08d4e,False,Apple,Cedar_apple_rust,True
/Users/mackjb/repository/datasciencetest_reco_plante-1/dataset/plantvillage/augmented_images/Apple___Cedar_apple_rust/04da297e-5238-41b1-a8a0-0c87c6c2f21f___FREC_C.Rust 4394_final_masked_aug_2.png,04da297e-5238-41b1-a8a0-0c87c6c2f21f___FREC_C.Rust 4394_final_masked_aug_2.png,png,52141,Apple___Cedar_apple_rust,256,256,RGB,3,1.0,True,False,False,dee1e5fe1b348ccf205f215e18c08d4e,False,Apple,Cedar_apple_rust,True
/Users/mackjb/repository/datasciencetest_reco_plante-1/dataset/plantvillage/augmented_images/Apple___Cedar_apple_rust/04da297e-5238-41b1-a8a0-0c87c6c2f21f___FREC_C.Rust 4394_final_masked_aug_3.png,04da297e-5238-41b1-a8a0-0c87c6c2f21f___FREC_C.Rust 4394_final_masked_aug_3.png,png,50332,Apple___Cedar_apple_rust,256,256,RGB,3,1.0,True,False,False,dee1e5fe1b348ccf205f215e18c08d4e,False,Apple,Cedar_apple_rust,True
/Users/mackjb/repository/datasciencetest_reco_plante-1/dataset/plantvillage/augmented_images/Peach___Bacterial_spot/002eddd0-b6b3-474c-be08-423e53e24f82___Rutg._Bact.S 1955_final_masked_aug_0.png,002eddd0-b6b3-474c-be08-423e53e24f82___Rutg._Bact.S 1955_final_masked_aug_0.png,png,41430,Peach___Bacterial_spot,256,256,RGB,3,1.0,True,False,False,187b21bb2ec25d7e28d92707fd995e76,False,Peach,Bacterial_spot,True
/Users/mackjb/repository/datasciencetest_reco_plante-1/dataset/plantvillage/augmented_images/Peach___Bacterial_spot/002eddd0-b6b3-474c-be08-423e53e24f82___Rutg._Bact.S 1955_final_masked_aug_1.png,002eddd0-b6b3-474c-be08-423e53e24f82___Rutg._Bact.S 1955_final_masked_aug_1.png,png,40891,Peach___Bacterial_spot,256,256,RGB,3,1.0,True,False,False,187b21bb2ec25d7e28d92707fd995e76,False,Peach,Bacterial_spot,True
/Users/mackjb/repository/datasciencetest_reco_plante-1/dataset/plantvillage/augmented_images/Peach___Bacterial_spot/002eddd0-b6b3-474c-be08-423e53e24f82___Rutg._Bact.S 1955_final_masked_aug_2.png,002eddd0-b6b3-474c-be08-423e53e24f82___Rutg._Bact.S 1955_final_masked_aug_2.png,png,41932,Peach___Bacterial_spot,256,256,RGB,3,1.0,True,False,False,187b21bb2ec25d7e28d92707fd995e76,False,Peach,Bacterial_spot,True
/Users/mackjb/repository/datasciencetest_reco_plante-1/dataset/plantvillage/augmented_images/Peach___Bacterial_spot/002eddd0-b6b3-474c-be08-423e53e24f82___Rutg._Bact.S 1955_final_masked_aug_3.png,002eddd0-b6b3-474c-be08-423e53e24f82___Rutg._Bact.S 1955_final_masked_aug_3.png,png,40613,Peach___Bacterial_spot,256,256,RGB,3,1.0,True,False,False,187b21bb2ec25d7e28d92707fd995e76,False,Peach,Bacterial_spot,True
